Workbook

Sheet Summary
A1: e(mm) | B1: F (N) | D1: L_bi (mm) | F1: L_li (mm) | H1: L_bo (mm) | J1: R_bi (mm)
B2: ave | C2: std | D2: ave | E2: std | F2: ave | G2: std | H2: ave | I2: std | J2: ave | K2: std
A3: =AVERAGE('60lb(ni=1,no=1)_T2 Marke'!A2,'60lb(ni=1,no=1_T1)'!A2,'60lb(ni=1,no=1_T3)'!A2) -> 440.86021 | B3: =AVERAGE('60lb(ni=1,no=1)_T2 Marke'!B2,'60lb(ni=1,no=1_T1)'!B2,'60lb(ni=1,no=1_T3)'!B2) -> 0 | C3: =_xlfn.STDEV.P('60lb(ni=1,no=1)_T2 Marke'!B2,'60lb(ni=1,no=1_T1)'!B2,'60lb(ni=1,no=1_T3)'!B2) -> 0 | D3: =AVERAGE('60lb(ni=1,no=1)_T2 Marke'!C2,'60lb(ni=1,no=1_T1)'!C2,'60lb(ni=1,no=1_T3)'!C2) -> 26.772482 | E3: =_xlfn.STDEV.P('60lb(ni=1,no=1)_T2 Marke'!C2,'60lb(ni=1,no=1_T1)'!C2,'60lb(ni=1,no=1_T3)'!C2) -> 2.5468957 | F3: =AVERAGE('60lb(ni=1,no=1)_T2 Marke'!D2,'60lb(ni=1,no=1_T1)'!D2,'60lb(ni=1,no=1_T3)'!D2) -> 227.86099 | G3: =_xlfn.STDEV.P('60lb(ni=1,no=1)_T2 Marke'!D2,'60lb(ni=1,no=1_T1)'!D2,'60lb(ni=1,no=1_T3)'!D2) -> 36.467 | H3: =AVERAGE('60lb(ni=1,no=1)_T2 Marke'!E2,'60lb(ni=1,no=1_T1)'!E2,'60lb(ni=1,no=1_T3)'!E2) -> 33.642777 | I3: =_xlfn.STDEV.P('60lb(ni=1,no=1)_T2 Marke'!E2,'60lb(ni=1,no=1_T1)'!E2,'60lb(ni=1,no=1_T3)'!E2) -> 3.8276725 | J3: =AVERAGE('60lb(ni=1,no=1)_T2 Marke'!F2,'60lb(ni=1,no=1_T1)'!F2,'60lb(ni=1,no=1_T3)'!F2) -> 88.879932 | K3: =_xlfn.STDEV.P('60lb(ni=1,no=1)_T2 Marke'!F2,'60lb(ni=1,no=1_T1)'!F2,'60lb(ni=1,no=1_T3)'!F2) -> 17.318092
A4: =AVERAGE('60lb(ni=1,no=1)_T2 Marke'!A3,'60lb(ni=1,no=1_T1)'!A3,'60lb(ni=1,no=1_T3)'!A3) -> 430.86021 | B4: =AVERAGE('60lb(ni=1,no=1)_T2 Marke'!B3,'60lb(ni=1,no=1_T1)'!B3,'60lb(ni=1,no=1_T3)'!B3) -> 0.046666667 | C4: =_xlfn.STDEV.P('60lb(ni=1,no=1)_T2 Marke'!B3,'60lb(ni=1,no=1_T1)'!B3,'60lb(ni=1,no=1_T3)'!B3) -> 0.023570226 | D4: =AVERAGE('60lb(ni=1,no=1)_T2 Marke'!C3,'60lb(ni=1,no=1_T1)'!C3,'60lb(ni=1,no=1_T3)'!C3) -> 26.879028 | E4: =_xlfn.STDEV.P('60lb(ni=1,no=1)_T2 Marke'!C3,'60lb(ni=1,no=1_T1)'!C3,'60lb(ni=1,no=1_T3)'!C3) -> 2.9482212 | F4: =AVERAGE('60lb(ni=1,no=1)_T2 Marke'!D3,'60lb(ni=1,no=1_T1)'!D3,'60lb(ni=1,no=1_T3)'!D3) -> 228.31489 | G4: =_xlfn.STDEV.P('60lb(ni=1,no=1)_T2 Marke'!D3,'60lb(ni=1,no=1_T1)'!D3,'60lb(ni=1,no=1_T3)'!D3) -> 36.621928 | H4: =AVERAGE('60lb(ni=1,no=1)_T2 Marke'!E3,'60lb(ni=1,no=1_T1)'!E3,'60lb(ni=1,no=1_T3)'!E3) -> 32.239266 | I4: =_xlfn.STDEV.P('60lb(ni=1,no=1)_T2 Marke'!E3,'60lb(ni=1,no=1_T1)'!E3,'60lb(ni=1,no=1_T3)'!E3) -> 5.2261153 | J4: =AVERAGE('60lb(ni=1,no=1)_T2 Marke'!F3,'60lb(ni=1,no=1_T1)'!F3,'60lb(ni=1,no=1_T3)'!F3) -> 83.018036 | K4: =_xlfn.STDEV.P('60lb(ni=1,no=1)_T2 Marke'!F3,'60lb(ni=1,no=1_T1)'!F3,'60lb(ni=1,no=1_T3)'!F3) -> 17.225541
A5: =AVERAGE('60lb(ni=1,no=1)_T2 Marke'!A4,'60lb(ni=1,no=1_T1)'!A4,'60lb(ni=1,no=1_T3)'!A4) -> 420.86021 | B5: =AVERAGE('60lb(ni=1,no=1)_T2 Marke'!B4,'60lb(ni=1,no=1_T1)'!B4,'60lb(ni=1,no=1_T3)'!B4) -> 0.073333333 | C5: =_xlfn.STDEV.P('60lb(ni=1,no=1)_T2 Marke'!B4,'60lb(ni=1,no=1_T1)'!B4,'60lb(ni=1,no=1_T3)'!B4) -> 0.032998316 | D5: =AVERAGE('60lb(ni=1,no=1)_T2 Marke'!C4,'60lb(ni=1,no=1_T1)'!C4,'60lb(ni=1,no=1_T3)'!C4) -> 26.726782 | E5: =_xlfn.STDEV.P('60lb(ni=1,no=1)_T2 Marke'!C4,'60lb(ni=1,no=1_T1)'!C4,'60lb(ni=1,no=1_T3)'!C4) -> 3.0455329 | F5: =AVERAGE('60lb(ni=1,no=1)_T2 Marke'!D4,'60lb(ni=1,no=1_T1)'!D4,'60lb(ni=1,no=1_T3)'!D4) -> 227.64387 | G5: =_xlfn.STDEV.P('60lb(ni=1,no=1)_T2 Marke'!D4,'60lb(ni=1,no=1_T1)'!D4,'60lb(ni=1,no=1_T3)'!D4) -> 36.253009 | H5: =AVERAGE('60lb(ni=1,no=1)_T2 Marke'!E4,'60lb(ni=1,no=1_T1)'!E4,'60lb(ni=1,no=1_T3)'!E4) -> 31.3915 | I5: =_xlfn.STDEV.P('60lb(ni=1,no=1)_T2 Marke'!E4,'60lb(ni=1,no=1_T1)'!E4,'60lb(ni=1,no=1_T3)'!E4) -> 5.0594199 | J5: =AVERAGE('60lb(ni=1,no=1)_T2 Marke'!F4,'60lb(ni=1,no=1_T1)'!F4,'60lb(ni=1,no=1_T3)'!F4) -> 74.141209 | K5: =_xlfn.STDEV.P('60lb(ni=1,no=1)_T2 Marke'!F4,'60lb(ni=1,no=1_T1)'!F4,'60lb(ni=1,no=1_T3)'!F4) -> 16.613589
A6: =AVERAGE('60lb(ni=1,no=1)_T2 Marke'!A5,'60lb(ni=1,no=1_T1)'!A5,'60lb(ni=1,no=1_T3)'!A5) -> 410.86021 | B6: =AVERAGE('60lb(ni=1,no=1)_T2 Marke'!B5,'60lb(ni=1,no=1_T1)'!B5,'60lb(ni=1,no=1_T3)'!B5) -> 0.093333333 | C6: =_xlfn.STDEV.P('60lb(ni=1,no=1)_T2 Marke'!B5,'60lb(ni=1,no=1_T1)'!B5,'60lb(ni=1,no=1_T3)'!B5) -> 0.047140452 | D6: =AVERAGE('60lb(ni=1,no=1)_T2 Marke'!C5,'60lb(ni=1,no=1_T1)'!C5,'60lb(ni=1,no=1_T3)'!C5) -> 25.588278 | E6: =_xlfn.STDEV.P('60lb(ni=1,no=1)_T2 Marke'!C5,'60lb(ni=1,no=1_T1)'!C5,'60lb(ni=1,no=1_T3)'!C5) -> 2.4340279 | F6: =AVERAGE('60lb(ni=1,no=1)_T2 Marke'!D5,'60lb(ni=1,no=1_T1)'!D5,'60lb(ni=1,no=1_T3)'!D5) -> 228.67769 | G6: =_xlfn.STDEV.P('60lb(ni=1,no=1)_T2 Marke'!D5,'60lb(ni=1,no=1_T1)'!D5,'60lb(ni=1,no=1_T3)'!D5) -> 36.967117 | H6: =AVERAGE('60lb(ni=1,no=1)_T2 Marke'!E5,'60lb(ni=1,no=1_T1)'!E5,'60lb(ni=1,no=1_T3)'!E5) -> 30.004248 | I6: =_xlfn.STDEV.P('60lb(ni=1,no=1)_T2 Marke'!E5,'60lb(ni=1,no=1_T1)'!E5,'60lb(ni=1,no=1_T3)'!E5) -> 4.450058 | J6: =AVERAGE('60lb(ni=1,no=1)_T2 Marke'!F5,'60lb(ni=1,no=1_T1)'!F5,'60lb(ni=1,no=1_T3)'!F5) -> 61.148642 | K6: =_xlfn.STDEV.P('60lb(ni=1,no=1)_T2 Marke'!F5,'60lb(ni=1,no=1_T1)'!F5,'60lb(ni=1,no=1_T3)'!F5) -> 16.738945
A7: =AVERAGE('60lb(ni=1,no=1)_T2 Marke'!A6,'60lb(ni=1,no=1_T1)'!A6,'60lb(ni=1,no=1_T3)'!A6) -> 400.86021 | B7: =AVERAGE('60lb(ni=1,no=1)_T2 Marke'!B6,'60lb(ni=1,no=1_T1)'!B6,'60lb(ni=1,no=1_T3)'!B6) -> 0.11333333 | C7: =_xlfn.STDEV.P('60lb(ni=1,no=1)_T2 Marke'!B6,'60lb(ni=1,no=1_T1)'!B6,'60lb(ni=1,no=1_T3)'!B6) -> 0.061282588 | D7: =AVERAGE('60lb(ni=1,no=1)_T2 Marke'!C6,'60lb(ni=1,no=1_T1)'!C6,'60lb(ni=1,no=1_T3)'!C6) -> 25.574497 | E7: =_xlfn.STDEV.P('60lb(ni=1,no=1)_T2 Marke'!C6,'60lb(ni=1,no=1_T1)'!C6,'60lb(ni=1,no=1_T3)'!C6) -> 3.6791646 | F7: =AVERAGE('60lb(ni=1,no=1)_T2 Marke'!D6,'60lb(ni=1,no=1_T1)'!D6,'60lb(ni=1,no=1_T3)'!D6) -> 228.7788 | G7: =_xlfn.STDEV.P('60lb(ni=1,no=1)_T2 Marke'!D6,'60lb(ni=1,no=1_T1)'!D6,'60lb(ni=1,no=1_T3)'!D6) -> 36.352443 | H7: =AVERAGE('60lb(ni=1,no=1)_T2 Marke'!E6,'60lb(ni=1,no=1_T1)'!E6,'60lb(ni=1,no=1_T3)'!E6) -> 29.3159 | I7: =_xlfn.STDEV.P('60lb(ni=1,no=1)_T2 Marke'!E6,'60lb(ni=1,no=1_T1)'!E6,'60lb(ni=1,no=1_T3)'!E6) -> 4.9839132 | J7: =AVERAGE('60lb(ni=1,no=1)_T2 Marke'!F6,'60lb(ni=1,no=1_T1)'!F6,'60lb(ni=1,no=1_T3)'!F6) -> 57.844046 | K7: =_xlfn.STDEV.P('60lb(ni=1,no=1)_T2 Marke'!F6,'60lb(ni=1,no=1_T1)'!F6,'60lb(ni=1,no=1_T3)'!F6) -> 17.011514
A8: =AVERAGE('60lb(ni=1,no=1)_T2 Marke'!A7,'60lb(ni=1,no=1_T1)'!A7,'60lb(ni=1,no=1_T3)'!A7) -> 390.86021 | B8: =AVERAGE('60lb(ni=1,no=1)_T2 Marke'!B7,'60lb(ni=1,no=1_T1)'!B7,'60lb(ni=1,no=1_T3)'!B7) -> 0.13666667 | C8: =_xlfn.STDEV.P('60lb(ni=1,no=1)_T2 Marke'!B7,'60lb(ni=1,no=1_T1)'!B7,'60lb(ni=1,no=1_T3)'!B7) -> 0.080138769 | D8: =AVERAGE('60lb(ni=1,no=1)_T2 Marke'!C7,'60lb(ni=1,no=1_T1)'!C7,'60lb(ni=1,no=1_T3)'!C7) -> 23.885442 | E8: =_xlfn.STDEV.P('60lb(ni=1,no=1)_T2 Marke'!C7,'60lb(ni=1,no=1_T1)'!C7,'60lb(ni=1,no=1_T3)'!C7) -> 2.8687419 | F8: =AVERAGE('60lb(ni=1,no=1)_T2 Marke'!D7,'60lb(ni=1,no=1_T1)'!D7,'60lb(ni=1,no=1_T3)'!D7) -> 229.46135 | G8: =_xlfn.STDEV.P('60lb(ni=1,no=1)_T2 Marke'!D7,'60lb(ni=1,no=1_T1)'!D7,'60lb(ni=1,no=1_T3)'!D7) -> 36.40585 | H8: =AVERAGE('60lb(ni=1,no=1)_T2 Marke'!E7,'60lb(ni=1,no=1_T1)'!E7,'60lb(ni=1,no=1_T3)'!E7) -> 27.815618 | I8: =_xlfn.STDEV.P('60lb(ni=1,no=1)_T2 Marke'!E7,'60lb(ni=1,no=1_T1)'!E7,'60lb(ni=1,no=1_T3)'!E7) -> 4.8847494 | J8: =AVERAGE('60lb(ni=1,no=1)_T2 Marke'!F7,'60lb(ni=1,no=1_T1)'!F7,'60lb(ni=1,no=1_T3)'!F7) -> 48.81793 | K8: =_xlfn.STDEV.P('60lb(ni=1,no=1)_T2 Marke'!F7,'60lb(ni=1,no=1_T1)'!F7,'60lb(ni=1,no=1_T3)'!F7) -> 16.077325
A9: =AVERAGE('60lb(ni=1,no=1)_T2 Marke'!A8,'60lb(ni=1,no=1_T1)'!A8,'60lb(ni=1,no=1_T3)'!A8) -> 380.86021 | B9: =AVERAGE('60lb(ni=1,no=1)_T2 Marke'!B8,'60lb(ni=1,no=1_T1)'!B8,'60lb(ni=1,no=1_T3)'!B8) -> 0.16666667 | C9: =_xlfn.STDEV.P('60lb(ni=1,no=1)_T2 Marke'!B8,'60lb(ni=1,no=1_T1)'!B8,'60lb(ni=1,no=1_T3)'!B8) -> 0.10842304 | D9: =AVERAGE('60lb(ni=1,no=1)_T2 Marke'!C8,'60lb(ni=1,no=1_T1)'!C8,'60lb(ni=1,no=1_T3)'!C8) -> 24.365792 | E9: =_xlfn.STDEV.P('60lb(ni=1,no=1)_T2 Marke'!C8,'60lb(ni=1,no=1_T1)'!C8,'60lb(ni=1,no=1_T3)'!C8) -> 4.0120108 | F9: =AVERAGE('60lb(ni=1,no=1)_T2 Marke'!D8,'60lb(ni=1,no=1_T1)'!D8,'60lb(ni=1,no=1_T3)'!D8) -> 229.68897 | G9: =_xlfn.STDEV.P('60lb(ni=1,no=1)_T2 Marke'!D8,'60lb(ni=1,no=1_T1)'!D8,'60lb(ni=1,no=1_T3)'!D8) -> 36.984729 | H9: =AVERAGE('60lb(ni=1,no=1)_T2 Marke'!E8,'60lb(ni=1,no=1_T1)'!E8,'60lb(ni=1,no=1_T3)'!E8) -> 27.186674 | I9: =_xlfn.STDEV.P('60lb(ni=1,no=1)_T2 Marke'!E8,'60lb(ni=1,no=1_T1)'!E8,'60lb(ni=1,no=1_T3)'!E8) -> 5.1725297 | J9: =AVERAGE('60lb(ni=1,no=1)_T2 Marke'!F8,'60lb(ni=1,no=1_T1)'!F8,'60lb(ni=1,no=1_T3)'!F8) -> 44.48168 | K9: =_xlfn.STDEV.P('60lb(ni=1,no=1)_T2 Marke'!F8,'60lb(ni=1,no=1_T1)'!F8,'60lb(ni=1,no=1_T3)'!F8) -> 14.381252
A10: =AVERAGE('60lb(ni=1,no=1)_T2 Marke'!A9,'60lb(ni=1,no=1_T1)'!A9,'60lb(ni=1,no=1_T3)'!A9) -> 370.86021 | B10: =AVERAGE('60lb(ni=1,no=1)_T2 Marke'!B9,'60lb(ni=1,no=1_T1)'!B9,'60lb(ni=1,no=1_T3)'!B9) -> 0.22666667 | C10: =_xlfn.STDEV.P('60lb(ni=1,no=1)_T2 Marke'!B9,'60lb(ni=1,no=1_T1)'!B9,'60lb(ni=1,no=1_T3)'!B9) -> 0.16499158 | D10: =AVERAGE('60lb(ni=1,no=1)_T2 Marke'!C9,'60lb(ni=1,no=1_T1)'!C9,'60lb(ni=1,no=1_T3)'!C9) -> 23.312123 | E10: =_xlfn.STDEV.P('60lb(ni=1,no=1)_T2 Marke'!C9,'60lb(ni=1,no=1_T1)'!C9,'60lb(ni=1,no=1_T3)'!C9) -> 4.1429544 | F10: =AVERAGE('60lb(ni=1,no=1)_T2 Marke'!D9,'60lb(ni=1,no=1_T1)'!D9,'60lb(ni=1,no=1_T3)'!D9) -> 230.17216 | G10: =_xlfn.STDEV.P('60lb(ni=1,no=1)_T2 Marke'!D9,'60lb(ni=1,no=1_T1)'!D9,'60lb(ni=1,no=1_T3)'!D9) -> 35.952773 | H10: =AVERAGE('60lb(ni=1,no=1)_T2 Marke'!E9,'60lb(ni=1,no=1_T1)'!E9,'60lb(ni=1,no=1_T3)'!E9) -> 25.427446 | I10: =_xlfn.STDEV.P('60lb(ni=1,no=1)_T2 Marke'!E9,'60lb(ni=1,no=1_T1)'!E9,'60lb(ni=1,no=1_T3)'!E9) -> 5.0942282 | J10: =AVERAGE('60lb(ni=1,no=1)_T2 Marke'!F9,'60lb(ni=1,no=1_T1)'!F9,'60lb(ni=1,no=1_T3)'!F9) -> 37.053924 | K10: =_xlfn.STDEV.P('60lb(ni=1,no=1)_T2 Marke'!F9,'60lb(ni=1,no=1_T1)'!F9,'60lb(ni=1,no=1_T3)'!F9) -> 8.8833278
A11: =AVERAGE('60lb(ni=1,no=1)_T2 Marke'!A10,'60lb(ni=1,no=1_T1)'!A10,'60lb(ni=1,no=1_T3)'!A10) -> 360.86021 | B11: =AVERAGE('60lb(ni=1,no=1)_T2 Marke'!B10,'60lb(ni=1,no=1_T1)'!B10,'60lb(ni=1,no=1_T3)'!B10) -> 0.24333333 | C11: =_xlfn.STDEV.P('60lb(ni=1,no=1)_T2 Marke'!B10,'60lb(ni=1,no=1_T1)'!B10,'60lb(ni=1,no=1_T3)'!B10) -> 0.18856181 | D11: =AVERAGE('60lb(ni=1,no=1)_T2 Marke'!C10,'60lb(ni=1,no=1_T1)'!C10,'60lb(ni=1,no=1_T3)'!C10) -> 22.625179 | E11: =_xlfn.STDEV.P('60lb(ni=1,no=1)_T2 Marke'!C10,'60lb(ni=1,no=1_T1)'!C10,'60lb(ni=1,no=1_T3)'!C10) -> 3.8238385 | F11: =AVERAGE('60lb(ni=1,no=1)_T2 Marke'!D10,'60lb(ni=1,no=1_T1)'!D10,'60lb(ni=1,no=1_T3)'!D10) -> 231.17353 | G11: =_xlfn.STDEV.P('60lb(ni=1,no=1)_T2 Marke'!D10,'60lb(ni=1,no=1_T1)'!D10,'60lb(ni=1,no=1_T3)'!D10) -> 37.297265 | H11: =AVERAGE('60lb(ni=1,no=1)_T2 Marke'!E10,'60lb(ni=1,no=1_T1)'!E10,'60lb(ni=1,no=1_T3)'!E10) -> 23.995405 | I11: =_xlfn.STDEV.P('60lb(ni=1,no=1)_T2 Marke'!E10,'60lb(ni=1,no=1_T1)'!E10,'60lb(ni=1,no=1_T3)'!E10) -> 5.1060385 | J11: =AVERAGE('60lb(ni=1,no=1)_T2 Marke'!F10,'60lb(ni=1,no=1_T1)'!F10,'60lb(ni=1,no=1_T3)'!F10) -> 33.679742 | K11: =_xlfn.STDEV.P('60lb(ni=1,no=1)_T2 Marke'!F10,'60lb(ni=1,no=1_T1)'!F10,'60lb(ni=1,no=1_T3)'!F10) -> 7.0070032
A12: =AVERAGE('60lb(ni=1,no=1)_T2 Marke'!A11,'60lb(ni=1,no=1_T1)'!A11,'60lb(ni=1,no=1_T3)'!A11) -> 350.86021 | B12: =AVERAGE('60lb(ni=1,no=1)_T2 Marke'!B11,'60lb(ni=1,no=1_T1)'!B11,'60lb(ni=1,no=1_T3)'!B11) -> 0.27 | C12: =_xlfn.STDEV.P('60lb(ni=1,no=1)_T2 Marke'!B11,'60lb(ni=1,no=1_T1)'!B11,'60lb(ni=1,no=1_T3)'!B11) -> 0.24041631 | D12: =AVERAGE('60lb(ni=1,no=1)_T2 Marke'!C11,'60lb(ni=1,no=1_T1)'!C11,'60lb(ni=1,no=1_T3)'!C11) -> 22.133765 | E12: =_xlfn.STDEV.P('60lb(ni=1,no=1)_T2 Marke'!C11,'60lb(ni=1,no=1_T1)'!C11,'60lb(ni=1,no=1_T3)'!C11) -> 4.4395295 | F12: =AVERAGE('60lb(ni=1,no=1)_T2 Marke'!D11,'60lb(ni=1,no=1_T1)'!D11,'60lb(ni=1,no=1_T3)'!D11) -> 231.47359 | G12: =_xlfn.STDEV.P('60lb(ni=1,no=1)_T2 Marke'!D11,'60lb(ni=1,no=1_T1)'!D11,'60lb(ni=1,no=1_T3)'!D11) -> 36.852943 | H12: =AVERAGE('60lb(ni=1,no=1)_T2 Marke'!E11,'60lb(ni=1,no=1_T1)'!E11,'60lb(ni=1,no=1_T3)'!E11) -> 22.565157 | I12: =_xlfn.STDEV.P('60lb(ni=1,no=1)_T2 Marke'!E11,'60lb(ni=1,no=1_T1)'!E11,'60lb(ni=1,no=1_T3)'!E11) -> 5.0940025 | J12: =AVERAGE('60lb(ni=1,no=1)_T2 Marke'!F11,'60lb(ni=1,no=1_T1)'!F11,'60lb(ni=1,no=1_T3)'!F11) -> 28.784408 | K12: =_xlfn.STDEV.P('60lb(ni=1,no=1)_T2 Marke'!F11,'60lb(ni=1,no=1_T1)'!F11,'60lb(ni=1,no=1_T3)'!F11) -> 7.2004676
A13: =AVERAGE('60lb(ni=1,no=1)_T2 Marke'!A12,'60lb(ni=1,no=1_T1)'!A12,'60lb(ni=1,no=1_T3)'!A12) -> 340.86021 | B13: =AVERAGE('60lb(ni=1,no=1)_T2 Marke'!B12,'60lb(ni=1,no=1_T1)'!B12,'60lb(ni=1,no=1_T3)'!B12) -> 0.31666667 | C13: =_xlfn.STDEV.P('60lb(ni=1,no=1)_T2 Marke'!B12,'60lb(ni=1,no=1_T1)'!B12,'60lb(ni=1,no=1_T3)'!B12) -> 0.28546259 | D13: =AVERAGE('60lb(ni=1,no=1)_T2 Marke'!C12,'60lb(ni=1,no=1_T1)'!C12,'60lb(ni=1,no=1_T3)'!C12) -> 21.699234 | E13: =_xlfn.STDEV.P('60lb(ni=1,no=1)_T2 Marke'!C12,'60lb(ni=1,no=1_T1)'!C12,'60lb(ni=1,no=1_T3)'!C12) -> 5.1114686 | F13: =AVERAGE('60lb(ni=1,no=1)_T2 Marke'!D12,'60lb(ni=1,no=1_T1)'!D12,'60lb(ni=1,no=1_T3)'!D12) -> 232.28273 | G13: =_xlfn.STDEV.P('60lb(ni=1,no=1)_T2 Marke'!D12,'60lb(ni=1,no=1_T1)'!D12,'60lb(ni=1,no=1_T3)'!D12) -> 35.990522 | H13: =AVERAGE('60lb(ni=1,no=1)_T2 Marke'!E12,'60lb(ni=1,no=1_T1)'!E12,'60lb(ni=1,no=1_T3)'!E12) -> 21.901399 | I13: =_xlfn.STDEV.P('60lb(ni=1,no=1)_T2 Marke'!E12,'60lb(ni=1,no=1_T1)'!E12,'60lb(ni=1,no=1_T3)'!E12) -> 5.428536 | J13: =AVERAGE('60lb(ni=1,no=1)_T2 Marke'!F12,'60lb(ni=1,no=1_T1)'!F12,'60lb(ni=1,no=1_T3)'!F12) -> 24.515625 | K13: =_xlfn.STDEV.P('60lb(ni=1,no=1)_T2 Marke'!F12,'60lb(ni=1,no=1_T1)'!F12,'60lb(ni=1,no=1_T3)'!F12) -> 7.8271418
A14: =AVERAGE('60lb(ni=1,no=1)_T2 Marke'!A13,'60lb(ni=1,no=1_T1)'!A13,'60lb(ni=1,no=1_T3)'!A13) -> 330.86021 | B14: =AVERAGE('60lb(ni=1,no=1)_T2 Marke'!B13,'60lb(ni=1,no=1_T1)'!B13,'60lb(ni=1,no=1_T3)'!B13) -> 0.34666667 | C14: =_xlfn.STDEV.P('60lb(ni=1,no=1)_T2 Marke'!B13,'60lb(ni=1,no=1_T1)'!B13,'60lb(ni=1,no=1_T3)'!B13) -> 0.30641294 | D14: =AVERAGE('60lb(ni=1,no=1)_T2 Marke'!C13,'60lb(ni=1,no=1_T1)'!C13,'60lb(ni=1,no=1_T3)'!C13) -> 19.772299 | E14: =_xlfn.STDEV.P('60lb(ni=1,no=1)_T2 Marke'!C13,'60lb(ni=1,no=1_T1)'!C13,'60lb(ni=1,no=1_T3)'!C13) -> 3.9930211 | F14: =AVERAGE('60lb(ni=1,no=1)_T2 Marke'!D13,'60lb(ni=1,no=1_T1)'!D13,'60lb(ni=1,no=1_T3)'!D13) -> 232.12539 | G14: =_xlfn.STDEV.P('60lb(ni=1,no=1)_T2 Marke'!D13,'60lb(ni=1,no=1_T1)'!D13,'60lb(ni=1,no=1_T3)'!D13) -> 38.382928 | H14: =AVERAGE('60lb(ni=1,no=1)_T2 Marke'!E13,'60lb(ni=1,no=1_T1)'!E13,'60lb(ni=1,no=1_T3)'!E13) -> 20.966682 | I14: =_xlfn.STDEV.P('60lb(ni=1,no=1)_T2 Marke'!E13,'60lb(ni=1,no=1_T1)'!E13,'60lb(ni=1,no=1_T3)'!E13) -> 6.0126564 | J14: =AVERAGE('60lb(ni=1,no=1)_T2 Marke'!F13,'60lb(ni=1,no=1_T1)'!F13,'60lb(ni=1,no=1_T3)'!F13) -> 21.061438 | K14: =_xlfn.STDEV.P('60lb(ni=1,no=1)_T2 Marke'!F13,'60lb(ni=1,no=1_T1)'!F13,'60lb(ni=1,no=1_T3)'!F13) -> 6.4077035
A15: =AVERAGE('60lb(ni=1,no=1)_T2 Marke'!A14,'60lb(ni=1,no=1_T1)'!A14,'60lb(ni=1,no=1_T3)'!A14) -> 320.86021 | B15: =AVERAGE('60lb(ni=1,no=1)_T2 Marke'!B14,'60lb(ni=1,no=1_T1)'!B14,'60lb(ni=1,no=1_T3)'!B14) -> 0.40333333 | C15: =_xlfn.STDEV.P('60lb(ni=1,no=1)_T2 Marke'!B14,'60lb(ni=1,no=1_T1)'!B14,'60lb(ni=1,no=1_T3)'!B14) -> 0.35826744 | D15: =AVERAGE('60lb(ni=1,no=1)_T2 Marke'!C14,'60lb(ni=1,no=1_T1)'!C14,'60lb(ni=1,no=1_T3)'!C14) -> 19.385609 | E15: =_xlfn.STDEV.P('60lb(ni=1,no=1)_T2 Marke'!C14,'60lb(ni=1,no=1_T1)'!C14,'60lb(ni=1,no=1_T3)'!C14) -> 4.5104199 | F15: =AVERAGE('60lb(ni=1,no=1)_T2 Marke'!D14,'60lb(ni=1,no=1_T1)'!D14,'60lb(ni=1,no=1_T3)'!D14) -> 231.66472 | G15: =_xlfn.STDEV.P('60lb(ni=1,no=1)_T2 Marke'!D14,'60lb(ni=1,no=1_T1)'!D14,'60lb(ni=1,no=1_T3)'!D14) -> 37.802619 | H15: =AVERAGE('60lb(ni=1,no=1)_T2 Marke'!E14,'60lb(ni=1,no=1_T1)'!E14,'60lb(ni=1,no=1_T3)'!E14) -> 19.698638 | I15: =_xlfn.STDEV.P('60lb(ni=1,no=1)_T2 Marke'!E14,'60lb(ni=1,no=1_T1)'!E14,'60lb(ni=1,no=1_T3)'!E14) -> 6.0240938 | J15: =AVERAGE('60lb(ni=1,no=1)_T2 Marke'!F14,'60lb(ni=1,no=1_T1)'!F14,'60lb(ni=1,no=1_T3)'!F14) -> 18.708237 | K15: =_xlfn.STDEV.P('60lb(ni=1,no=1)_T2 Marke'!F14,'60lb(ni=1,no=1_T1)'!F14,'60lb(ni=1,no=1_T3)'!F14) -> 6.8071083

Sheet 60lb(ni=1,no=1)_T2 Marke
A1: e(mm) | B1: F (N) | C1: L_bi (mm) | D1: L_li (mm) | E1: L_bo (mm) | F1: R_bi (mm)
A2: 413.707 | B2: 0 | C2: 26.694451 | D2: 211.71461 | E2: 34.518686 | F2: 65.758097
A3: 403.707 | B3: 0.03 | C3: 26.234202 | D3: 212.11733 | E3: 33.310532 | F3: 59.37214
A4: 393.707 | B4: 0.05 | C4: 25.889015 | D4: 212.63511 | E4: 32.102378 | F4: 58.33658
A5: 383.707 | B5: 0.06 | C5: 25.371234 | D5: 212.98029 | E5: 30.894224 | F5: 52.123216
A6: 373.707 | B6: 0.07 | C6: 25.026048 | D6: 214.36104 | E6: 30.376444 | F6: 49.361721
A7: 363.707 | B7: 0.08 | C7: 24.508267 | D7: 214.53364 | E7: 28.305323 | F7: 41.595017
A8: 353.707 | B8: 0.09 | C8: 23.817894 | D8: 214.70623 | E8: 27.097169 | F8: 37.280181
A9: 343.707 | B9: 0.11 | C9: 23.472707 | D9: 215.74179 | E9: 25.543828 | F9: 35.381653
A10: 333.707 | B10: 0.11 | C10: 22.782333 | D10: 215.91438 | E10: 23.6453 | F10: 31.412005
A11: 323.707 | B11: 0.1 | C11: 22.091959 | D11: 215.3966 | E11: 22.264553 | F11: 30.376444
A12: 313.707 | B12: 0.1 | C12: 21.228992 | D12: 217.46772 | E12: 21.574179 | F12: 26.234202
A13: 303.707 | B13: 0.13 | C13: 20.883805 | D13: 212.28992 | E13: 20.366025 | F13: 24.853454
... A20: 233.707 | B20: 0.26 | C20: 15.015629 | D20: 205.38618 | E20: 12.771914 | F20: 8.802265

Sheet 60lb(ni=1,no=1_T1)
A1: e(mm) | B1: F (N) | C1: L_bi (mm) | D1: L_li (mm) | E1: L_bo (mm) | F1: R_bi (mm)
A2: 559.837 | B2: 0 | C2: 29.930062 | D2: 278.35156 | E2: 37.830966 | F2: 107.43442
A3: 549.837 | B3: 0.03 | C3: 30.768816 | D3: 279.01623 | E3: 38.036698 | F3: 99.913717
A4: 539.837 | B4: 0.05 | C4: 30.804424 | D4: 277.6038 | E4: 37.2019 | F4: 97.099329
A5: 529.837 | B5: 0.06 | C5: 28.671931 | D5: 279.71255 | E5: 34.954673 | F5: 84.613787
A6: 519.837 | B6: 0.07 | C6: 30.329657 | D6: 278.72346 | E6: 34.820156 | F6: 81.582003
A7: 509.837 | B7: 0.08 | C7: 27.045857 | D7: 279.59782 | E7: 33.538287 | F7: 71.100023
A8: 499.837 | B8: 0.09 | C8: 29.530467 | D8: 280.579 | E8: 33.565981 | F8: 64.554661
A9: 489.837 | B9: 0.11 | C9: 28.303988 | D9: 279.60969 | E9: 31.60757 | F9: 48.673051
A10: 479.837 | B10: 0.11 | C10: 27.22785 | D10: 282.5295 | E10: 30.416698 | F10: 43.167661
A11: 469.837 | B11: 0.1 | C11: 27.591838 | D11: 282.44642 | E11: 28.948879 | F11: 36.698681
A12: 459.837 | B12: 0.13 | C12: 28.18134 | D12: 281.86087 | E12: 28.707539 | F12: 33.126347
A13: 449.837 | B13: 0.13 | C13: 24.011308 | D13: 285.80143 | E13: 28.612586 | F13: 26.293084
... A23: 349.837 | B23: 0.44 | C23: 17.902648 | D23: 294.69935 | E23: 16.929377 | F23: 8.8485774

Sheet 60lb(ni=1,no=1_T3)
A1: e(mm) | B1: F (N) | C1: L_bi (mm) | D1: L_li (mm) | E1: L_bo (mm) | F1: R_bi (mm)
A2: 349.03662 | B2: 0 | C2: 23.692932 | D2: 193.5168 | E2: 28.578679 | F2: 93.447277
A3: 339.03662 | B3: 0.08 | C3: 23.634067 | D3: 193.81112 | E3: 25.370568 | F3: 89.76825
A4: 329.03662 | B4: 0.12 | C4: 23.486906 | D4: 192.6927 | E4: 24.87022 | F4: 66.987717
A5: 319.03662 | B5: 0.16 | C5: 22.721669 | D5: 193.34021 | E5: 24.163847 | F5: 46.708922
A6: 309.03662 | B6: 0.2 | C6: 21.367787 | D6: 193.25191 | E6: 22.751101 | F6: 42.588413
A7: 299.03662 | B7: 0.25 | C7: 20.102202 | D7: 194.25261 | E7: 21.603244 | F7: 33.758749
A8: 289.03662 | B8: 0.32 | C8: 19.749015 | D8: 193.78169 | E8: 20.896871 | F8: 31.610197
A9: 279.03662 | B9: 0.46 | C9: 18.159676 | D9: 195.16501 | E9: 19.130939 | F9: 27.107068
A10: 269.03662 | B10: 0.51 | C10: 17.865353 | D10: 195.07671 | E10: 17.924218 | F10: 26.45956
A11: 259.03662 | B11: 0.61 | C11: 16.717497 | D11: 196.57775 | E11: 16.482039 | F11: 19.2781
A12: 249.03662 | B12: 0.72 | C12: 15.68737 | D12: 197.51958 | E12: 15.42248 | F12: 14.186327
A13: 239.03662 | B13: 0.78 | C13: 14.421784 | D13: 198.28482 | E13: 13.921437 | F13: 12.037775
... A15: 219.03662 | B15: 1.2 | C15: 13.56825 | D15: 200.02132 | E15: 10.360139 | F15: 6.6811124
