Workbook

Sheet Summary
A1: e(mm) | B1: F (N) | D1: L_bi (mm) | F1: L_li (mm) | H1: L_bo (mm) | J1: R_bi (mm)
B2: ave | C2: std | D2: ave | E2: std | F2: ave | G2: std | H2: ave | I2: std | J2: ave | K2: std
A3: =AVERAGE('30lb(ni=3,no=1)_T1'!A2,'30lb(ni=3,no=1_T2)'!A2,'30lb(ni=3,no=1_T3)'!A2) -> 343.23722 | B3: =AVERAGE('30lb(ni=3,no=1)_T1'!B2,'30lb(ni=3,no=1_T2)'!B2,'30lb(ni=3,no=1_T3)'!B2) -> 0 | C3: =_xlfn.STDEV.P('30lb(ni=3,no=1)_T1'!B2,'30lb(ni=3,no=1_T2)'!B2,'30lb(ni=3,no=1_T3)'!B2) -> 0 | D3: =AVERAGE('30lb(ni=3,no=1)_T1'!C2,'30lb(ni=3,no=1_T2)'!C2,'30lb(ni=3,no=1_T3)'!C2) -> 41.954576 | E3: =_xlfn.STDEV.P('30lb(ni=3,no=1)_T1'!C2,'30lb(ni=3,no=1_T2)'!C2,'30lb(ni=3,no=1_T3)'!C2) -> 0.30713765 | F3: =AVERAGE('30lb(ni=3,no=1)_T1'!D2,'30lb(ni=3,no=1_T2)'!D2,'30lb(ni=3,no=1_T3)'!D2) -> 143.20342 | G3: =_xlfn.STDEV.P('30lb(ni=3,no=1)_T1'!D2,'30lb(ni=3,no=1_T2)'!D2,'30lb(ni=3,no=1_T3)'!D2) -> 5.3227901 | H3: =AVERAGE('30lb(ni=3,no=1)_T1'!E2,'30lb(ni=3,no=1_T2)'!E2,'30lb(ni=3,no=1_T3)'!E2) -> 30.661281 | I3: =_xlfn.STDEV.P('30lb(ni=3,no=1)_T1'!E2,'30lb(ni=3,no=1_T2)'!E2,'30lb(ni=3,no=1_T3)'!E2) -> 0.52425554 | J3: =AVERAGE('30lb(ni=3,no=1)_T1'!F2,'30lb(ni=3,no=1_T2)'!F2,'30lb(ni=3,no=1_T3)'!F2) -> 129.4715 | K3: =_xlfn.STDEV.P('30lb(ni=3,no=1)_T1'!F2,'30lb(ni=3,no=1_T2)'!F2,'30lb(ni=3,no=1_T3)'!F2) -> 45.169039
A4: =AVERAGE('30lb(ni=3,no=1)_T1'!A3,'30lb(ni=3,no=1_T2)'!A3,'30lb(ni=3,no=1_T3)'!A3) -> 333.23722 | B4: =AVERAGE('30lb(ni=3,no=1)_T1'!B3,'30lb(ni=3,no=1_T2)'!B3,'30lb(ni=3,no=1_T3)'!B3) -> 0.0066666667 | C4: =_xlfn.STDEV.P('30lb(ni=3,no=1)_T1'!B3,'30lb(ni=3,no=1_T2)'!B3,'30lb(ni=3,no=1_T3)'!B3) -> 0.0047140452 | D4: =AVERAGE('30lb(ni=3,no=1)_T1'!C3,'30lb(ni=3,no=1_T2)'!C3,'30lb(ni=3,no=1_T3)'!C3) -> 41.995379 | E4: =_xlfn.STDEV.P('30lb(ni=3,no=1)_T1'!C3,'30lb(ni=3,no=1_T2)'!C3,'30lb(ni=3,no=1_T3)'!C3) -> 0.36840435 | F4: =AVERAGE('30lb(ni=3,no=1)_T1'!D3,'30lb(ni=3,no=1_T2)'!D3,'30lb(ni=3,no=1_T3)'!D3) -> 143.09796 | G4: =_xlfn.STDEV.P('30lb(ni=3,no=1)_T1'!D3,'30lb(ni=3,no=1_T2)'!D3,'30lb(ni=3,no=1_T3)'!D3) -> 6.4039262 | H4: =AVERAGE('30lb(ni=3,no=1)_T1'!E3,'30lb(ni=3,no=1_T2)'!E3,'30lb(ni=3,no=1_T3)'!E3) -> 28.738048 | I4: =_xlfn.STDEV.P('30lb(ni=3,no=1)_T1'!E3,'30lb(ni=3,no=1_T2)'!E3,'30lb(ni=3,no=1_T3)'!E3) -> 1.6837292 | J4: =AVERAGE('30lb(ni=3,no=1)_T1'!F3,'30lb(ni=3,no=1_T2)'!F3,'30lb(ni=3,no=1_T3)'!F3) -> 100.26901 | K4: =_xlfn.STDEV.P('30lb(ni=3,no=1)_T1'!F3,'30lb(ni=3,no=1_T2)'!F3,'30lb(ni=3,no=1_T3)'!F3) -> 40.05945
A5: =AVERAGE('30lb(ni=3,no=1)_T1'!A4,'30lb(ni=3,no=1_T2)'!A4,'30lb(ni=3,no=1_T3)'!A4) -> 323.23722 | B5: =AVERAGE('30lb(ni=3,no=1)_T1'!B4,'30lb(ni=3,no=1_T2)'!B4,'30lb(ni=3,no=1_T3)'!B4) -> 0.016666667 | C5: =_xlfn.STDEV.P('30lb(ni=3,no=1)_T1'!B4,'30lb(ni=3,no=1_T2)'!B4,'30lb(ni=3,no=1_T3)'!B4) -> 0.0047140452 | D5: =AVERAGE('30lb(ni=3,no=1)_T1'!C4,'30lb(ni=3,no=1_T2)'!C4,'30lb(ni=3,no=1_T3)'!C4) -> 41.571656 | E5: =_xlfn.STDEV.P('30lb(ni=3,no=1)_T1'!C4,'30lb(ni=3,no=1_T2)'!C4,'30lb(ni=3,no=1_T3)'!C4) -> 0.36664588 | F5: =AVERAGE('30lb(ni=3,no=1)_T1'!D4,'30lb(ni=3,no=1_T2)'!D4,'30lb(ni=3,no=1_T3)'!D4) -> 143.11679 | G5: =_xlfn.STDEV.P('30lb(ni=3,no=1)_T1'!D4,'30lb(ni=3,no=1_T2)'!D4,'30lb(ni=3,no=1_T3)'!D4) -> 6.2559105 | H5: =AVERAGE('30lb(ni=3,no=1)_T1'!E4,'30lb(ni=3,no=1_T2)'!E4,'30lb(ni=3,no=1_T3)'!E4) -> 26.412097 | I5: =_xlfn.STDEV.P('30lb(ni=3,no=1)_T1'!E4,'30lb(ni=3,no=1_T2)'!E4,'30lb(ni=3,no=1_T3)'!E4) -> 1.959189 | J5: =AVERAGE('30lb(ni=3,no=1)_T1'!F4,'30lb(ni=3,no=1_T2)'!F4,'30lb(ni=3,no=1_T3)'!F4) -> 72.913893 | K5: =_xlfn.STDEV.P('30lb(ni=3,no=1)_T1'!F4,'30lb(ni=3,no=1_T2)'!F4,'30lb(ni=3,no=1_T3)'!F4) -> 17.982658
A6: =AVERAGE('30lb(ni=3,no=1)_T1'!A5,'30lb(ni=3,no=1_T2)'!A5,'30lb(ni=3,no=1_T3)'!A5) -> 313.23722 | B6: =AVERAGE('30lb(ni=3,no=1)_T1'!B5,'30lb(ni=3,no=1_T2)'!B5,'30lb(ni=3,no=1_T3)'!B5) -> 0.02 | C6: =_xlfn.STDEV.P('30lb(ni=3,no=1)_T1'!B5,'30lb(ni=3,no=1_T2)'!B5,'30lb(ni=3,no=1_T3)'!B5) -> 0 | D6: =AVERAGE('30lb(ni=3,no=1)_T1'!C5,'30lb(ni=3,no=1_T2)'!C5,'30lb(ni=3,no=1_T3)'!C5) -> 41.077755 | E6: =_xlfn.STDEV.P('30lb(ni=3,no=1)_T1'!C5,'30lb(ni=3,no=1_T2)'!C5,'30lb(ni=3,no=1_T3)'!C5) -> 0.12802406 | F6: =AVERAGE('30lb(ni=3,no=1)_T1'!D5,'30lb(ni=3,no=1_T2)'!D5,'30lb(ni=3,no=1_T3)'!D5) -> 144.35316 | G6: =_xlfn.STDEV.P('30lb(ni=3,no=1)_T1'!D5,'30lb(ni=3,no=1_T2)'!D5,'30lb(ni=3,no=1_T3)'!D5) -> 5.9012629 | H6: =AVERAGE('30lb(ni=3,no=1)_T1'!E5,'30lb(ni=3,no=1_T2)'!E5,'30lb(ni=3,no=1_T3)'!E5) -> 24.777896 | I6: =_xlfn.STDEV.P('30lb(ni=3,no=1)_T1'!E5,'30lb(ni=3,no=1_T2)'!E5,'30lb(ni=3,no=1_T3)'!E5) -> 1.6346454 | J6: =AVERAGE('30lb(ni=3,no=1)_T1'!F5,'30lb(ni=3,no=1_T2)'!F5,'30lb(ni=3,no=1_T3)'!F5) -> 59.297571 | K6: =_xlfn.STDEV.P('30lb(ni=3,no=1)_T1'!F5,'30lb(ni=3,no=1_T2)'!F5,'30lb(ni=3,no=1_T3)'!F5) -> 17.356404
A7: =AVERAGE('30lb(ni=3,no=1)_T1'!A6,'30lb(ni=3,no=1_T2)'!A6,'30lb(ni=3,no=1_T3)'!A6) -> 303.23722 | B7: =AVERAGE('30lb(ni=3,no=1)_T1'!B6,'30lb(ni=3,no=1_T2)'!B6,'30lb(ni=3,no=1_T3)'!B6) -> 0.026666667 | C7: =_xlfn.STDEV.P('30lb(ni=3,no=1)_T1'!B6,'30lb(ni=3,no=1_T2)'!B6,'30lb(ni=3,no=1_T3)'!B6) -> 0.0047140452 | D7: =AVERAGE('30lb(ni=3,no=1)_T1'!C6,'30lb(ni=3,no=1_T2)'!C6,'30lb(ni=3,no=1_T3)'!C6) -> 40.604019 | E7: =_xlfn.STDEV.P('30lb(ni=3,no=1)_T1'!C6,'30lb(ni=3,no=1_T2)'!C6,'30lb(ni=3,no=1_T3)'!C6) -> 0.05459243 | F7: =AVERAGE('30lb(ni=3,no=1)_T1'!D6,'30lb(ni=3,no=1_T2)'!D6,'30lb(ni=3,no=1_T3)'!D6) -> 144.48869 | G7: =_xlfn.STDEV.P('30lb(ni=3,no=1)_T1'!D6,'30lb(ni=3,no=1_T2)'!D6,'30lb(ni=3,no=1_T3)'!D6) -> 5.5488283 | H7: =AVERAGE('30lb(ni=3,no=1)_T1'!E6,'30lb(ni=3,no=1_T2)'!E6,'30lb(ni=3,no=1_T3)'!E6) -> 23.488763 | I7: =_xlfn.STDEV.P('30lb(ni=3,no=1)_T1'!E6,'30lb(ni=3,no=1_T2)'!E6,'30lb(ni=3,no=1_T3)'!E6) -> 1.5132886 | J7: =AVERAGE('30lb(ni=3,no=1)_T1'!F6,'30lb(ni=3,no=1_T2)'!F6,'30lb(ni=3,no=1_T3)'!F6) -> 46.755158 | K7: =_xlfn.STDEV.P('30lb(ni=3,no=1)_T1'!F6,'30lb(ni=3,no=1_T2)'!F6,'30lb(ni=3,no=1_T3)'!F6) -> 10.761792
A8: =AVERAGE('30lb(ni=3,no=1)_T1'!A7,'30lb(ni=3,no=1_T2)'!A7,'30lb(ni=3,no=1_T3)'!A7) -> 293.23722 | B8: =AVERAGE('30lb(ni=3,no=1)_T1'!B7,'30lb(ni=3,no=1_T2)'!B7,'30lb(ni=3,no=1_T3)'!B7) -> 0.04 | C8: =_xlfn.STDEV.P('30lb(ni=3,no=1)_T1'!B7,'30lb(ni=3,no=1_T2)'!B7,'30lb(ni=3,no=1_T3)'!B7) -> 0.0081649658 | D8: =AVERAGE('30lb(ni=3,no=1)_T1'!C7,'30lb(ni=3,no=1_T2)'!C7,'30lb(ni=3,no=1_T3)'!C7) -> 40.048617 | E8: =_xlfn.STDEV.P('30lb(ni=3,no=1)_T1'!C7,'30lb(ni=3,no=1_T2)'!C7,'30lb(ni=3,no=1_T3)'!C7) -> 0.18012426 | F8: =AVERAGE('30lb(ni=3,no=1)_T1'!D7,'30lb(ni=3,no=1_T2)'!D7,'30lb(ni=3,no=1_T3)'!D7) -> 145.39943 | G8: =_xlfn.STDEV.P('30lb(ni=3,no=1)_T1'!D7,'30lb(ni=3,no=1_T2)'!D7,'30lb(ni=3,no=1_T3)'!D7) -> 6.0329056 | H8: =AVERAGE('30lb(ni=3,no=1)_T1'!E7,'30lb(ni=3,no=1_T2)'!E7,'30lb(ni=3,no=1_T3)'!E7) -> 22.248777 | I8: =_xlfn.STDEV.P('30lb(ni=3,no=1)_T1'!E7,'30lb(ni=3,no=1_T2)'!E7,'30lb(ni=3,no=1_T3)'!E7) -> 1.9464801 | J8: =AVERAGE('30lb(ni=3,no=1)_T1'!F7,'30lb(ni=3,no=1_T2)'!F7,'30lb(ni=3,no=1_T3)'!F7) -> 35.58459 | K8: =_xlfn.STDEV.P('30lb(ni=3,no=1)_T1'!F7,'30lb(ni=3,no=1_T2)'!F7,'30lb(ni=3,no=1_T3)'!F7) -> 5.4419976
A9: =AVERAGE('30lb(ni=3,no=1)_T1'!A8,'30lb(ni=3,no=1_T2)'!A8,'30lb(ni=3,no=1_T3)'!A8) -> 283.23722 | B9: =AVERAGE('30lb(ni=3,no=1)_T1'!B8,'30lb(ni=3,no=1_T2)'!B8,'30lb(ni=3,no=1_T3)'!B8) -> 0.05 | C9: =_xlfn.STDEV.P('30lb(ni=3,no=1)_T1'!B8,'30lb(ni=3,no=1_T2)'!B8,'30lb(ni=3,no=1_T3)'!B8) -> 0.0081649658 | D9: =AVERAGE('30lb(ni=3,no=1)_T1'!C8,'30lb(ni=3,no=1_T2)'!C8,'30lb(ni=3,no=1_T3)'!C8) -> 39.453119 | E9: =_xlfn.STDEV.P('30lb(ni=3,no=1)_T1'!C8,'30lb(ni=3,no=1_T2)'!C8,'30lb(ni=3,no=1_T3)'!C8) -> 0.22697066 | F9: =AVERAGE('30lb(ni=3,no=1)_T1'!D8,'30lb(ni=3,no=1_T2)'!D8,'30lb(ni=3,no=1_T3)'!D8) -> 145.83552 | G9: =_xlfn.STDEV.P('30lb(ni=3,no=1)_T1'!D8,'30lb(ni=3,no=1_T2)'!D8,'30lb(ni=3,no=1_T3)'!D8) -> 6.2117209 | H9: =AVERAGE('30lb(ni=3,no=1)_T1'!E8,'30lb(ni=3,no=1_T2)'!E8,'30lb(ni=3,no=1_T3)'!E8) -> 20.317173 | I9: =_xlfn.STDEV.P('30lb(ni=3,no=1)_T1'!E8,'30lb(ni=3,no=1_T2)'!E8,'30lb(ni=3,no=1_T3)'!E8) -> 1.4924807 | J9: =AVERAGE('30lb(ni=3,no=1)_T1'!F8,'30lb(ni=3,no=1_T2)'!F8,'30lb(ni=3,no=1_T3)'!F8) -> 29.054703 | K9: =_xlfn.STDEV.P('30lb(ni=3,no=1)_T1'!F8,'30lb(ni=3,no=1_T2)'!F8,'30lb(ni=3,no=1_T3)'!F8) -> 3.1234817
A10: =AVERAGE('30lb(ni=3,no=1)_T1'!A9,'30lb(ni=3,no=1_T2)'!A9,'30lb(ni=3,no=1_T3)'!A9) -> 273.23722 | B10: =AVERAGE('30lb(ni=3,no=1)_T1'!B9,'30lb(ni=3,no=1_T2)'!B9,'30lb(ni=3,no=1_T3)'!B9) -> 0.053333333 | C10: =_xlfn.STDEV.P('30lb(ni=3,no=1)_T1'!B9,'30lb(ni=3,no=1_T2)'!B9,'30lb(ni=3,no=1_T3)'!B9) -> 0.0047140452 | D10: =AVERAGE('30lb(ni=3,no=1)_T1'!C9,'30lb(ni=3,no=1_T2)'!C9,'30lb(ni=3,no=1_T3)'!C9) -> 38.922832 | E10: =_xlfn.STDEV.P('30lb(ni=3,no=1)_T1'!C9,'30lb(ni=3,no=1_T2)'!C9,'30lb(ni=3,no=1_T3)'!C9) -> 0.51973498 | F10: =AVERAGE('30lb(ni=3,no=1)_T1'!D9,'30lb(ni=3,no=1_T2)'!D9,'30lb(ni=3,no=1_T3)'!D9) -> 147.36926 | G10: =_xlfn.STDEV.P('30lb(ni=3,no=1)_T1'!D9,'30lb(ni=3,no=1_T2)'!D9,'30lb(ni=3,no=1_T3)'!D9) -> 6.1817693 | H10: =AVERAGE('30lb(ni=3,no=1)_T1'!E9,'30lb(ni=3,no=1_T2)'!E9,'30lb(ni=3,no=1_T3)'!E9) -> 19.160753 | I10: =_xlfn.STDEV.P('30lb(ni=3,no=1)_T1'!E9,'30lb(ni=3,no=1_T2)'!E9,'30lb(ni=3,no=1_T3)'!E9) -> 0.78206594 | J10: =AVERAGE('30lb(ni=3,no=1)_T1'!F9,'30lb(ni=3,no=1_T2)'!F9,'30lb(ni=3,no=1_T3)'!F9) -> 23.909543 | K10: =_xlfn.STDEV.P('30lb(ni=3,no=1)_T1'!F9,'30lb(ni=3,no=1_T2)'!F9,'30lb(ni=3,no=1_T3)'!F9) -> 1.9058487
A11: =AVERAGE('30lb(ni=3,no=1)_T1'!A10,'30lb(ni=3,no=1_T2)'!A10,'30lb(ni=3,no=1_T3)'!A10) -> 263.23722 | B11: =AVERAGE('30lb(ni=3,no=1)_T1'!B10,'30lb(ni=3,no=1_T2)'!B10,'30lb(ni=3,no=1_T3)'!B10) -> 0.076666667 | C11: =_xlfn.STDEV.P('30lb(ni=3,no=1)_T1'!B10,'30lb(ni=3,no=1_T2)'!B10,'30lb(ni=3,no=1_T3)'!B10) -> 0.012472191 | D11: =AVERAGE('30lb(ni=3,no=1)_T1'!C10,'30lb(ni=3,no=1_T2)'!C10,'30lb(ni=3,no=1_T3)'!C10) -> 38.322543 | E11: =_xlfn.STDEV.P('30lb(ni=3,no=1)_T1'!C10,'30lb(ni=3,no=1_T2)'!C10,'30lb(ni=3,no=1_T3)'!C10) -> 0.10142954 | F11: =AVERAGE('30lb(ni=3,no=1)_T1'!D10,'30lb(ni=3,no=1_T2)'!D10,'30lb(ni=3,no=1_T3)'!D10) -> 148.77006 | G11: =_xlfn.STDEV.P('30lb(ni=3,no=1)_T1'!D10,'30lb(ni=3,no=1_T2)'!D10,'30lb(ni=3,no=1_T3)'!D10) -> 5.6634124 | H11: =AVERAGE('30lb(ni=3,no=1)_T1'!E10,'30lb(ni=3,no=1_T2)'!E10,'30lb(ni=3,no=1_T3)'!E10) -> 18.328408 | I11: =_xlfn.STDEV.P('30lb(ni=3,no=1)_T1'!E10,'30lb(ni=3,no=1_T2)'!E10,'30lb(ni=3,no=1_T3)'!E10) -> 0.99527739 | J11: =AVERAGE('30lb(ni=3,no=1)_T1'!F10,'30lb(ni=3,no=1_T2)'!F10,'30lb(ni=3,no=1_T3)'!F10) -> 20.472213 | K11: =_xlfn.STDEV.P('30lb(ni=3,no=1)_T1'!F10,'30lb(ni=3,no=1_T2)'!F10,'30lb(ni=3,no=1_T3)'!F10) -> 0.75772499
A12: =AVERAGE('30lb(ni=3,no=1)_T1'!A11,'30lb(ni=3,no=1_T2)'!A11,'30lb(ni=3,no=1_T3)'!A11) -> 253.23722 | B12: =AVERAGE('30lb(ni=3,no=1)_T1'!B11,'30lb(ni=3,no=1_T2)'!B11,'30lb(ni=3,no=1_T3)'!B11) -> 0.096666667 | C12: =_xlfn.STDEV.P('30lb(ni=3,no=1)_T1'!B11,'30lb(ni=3,no=1_T2)'!B11,'30lb(ni=3,no=1_T3)'!B11) -> 0.016996732 | D12: =AVERAGE('30lb(ni=3,no=1)_T1'!C11,'30lb(ni=3,no=1_T2)'!C11,'30lb(ni=3,no=1_T3)'!C11) -> 37.682434 | E12: =_xlfn.STDEV.P('30lb(ni=3,no=1)_T1'!C11,'30lb(ni=3,no=1_T2)'!C11,'30lb(ni=3,no=1_T3)'!C11) -> 0.40043108 | F12: =AVERAGE('30lb(ni=3,no=1)_T1'!D11,'30lb(ni=3,no=1_T2)'!D11,'30lb(ni=3,no=1_T3)'!D11) -> 149.82255 | G12: =_xlfn.STDEV.P('30lb(ni=3,no=1)_T1'!D11,'30lb(ni=3,no=1_T2)'!D11,'30lb(ni=3,no=1_T3)'!D11) -> 5.9563105 | H12: =AVERAGE('30lb(ni=3,no=1)_T1'!E11,'30lb(ni=3,no=1_T2)'!E11,'30lb(ni=3,no=1_T3)'!E11) -> 15.989814 | I12: =_xlfn.STDEV.P('30lb(ni=3,no=1)_T1'!E11,'30lb(ni=3,no=1_T2)'!E11,'30lb(ni=3,no=1_T3)'!E11) -> 1.6398827 | J12: =AVERAGE('30lb(ni=3,no=1)_T1'!F11,'30lb(ni=3,no=1_T2)'!F11,'30lb(ni=3,no=1_T3)'!F11) -> 16.005066 | K12: =_xlfn.STDEV.P('30lb(ni=3,no=1)_T1'!F11,'30lb(ni=3,no=1_T2)'!F11,'30lb(ni=3,no=1_T3)'!F11) -> 0.52567657
A13: =AVERAGE('30lb(ni=3,no=1)_T1'!A12,'30lb(ni=3,no=1_T2)'!A12,'30lb(ni=3,no=1_T3)'!A12) -> 243.23722 | B13: =AVERAGE('30lb(ni=3,no=1)_T1'!B12,'30lb(ni=3,no=1_T2)'!B12,'30lb(ni=3,no=1_T3)'!B12) -> 0.12 | C13: =_xlfn.STDEV.P('30lb(ni=3,no=1)_T1'!B12,'30lb(ni=3,no=1_T2)'!B12,'30lb(ni=3,no=1_T3)'!B12) -> 0.028284271 | D13: =AVERAGE('30lb(ni=3,no=1)_T1'!C12,'30lb(ni=3,no=1_T2)'!C12,'30lb(ni=3,no=1_T3)'!C12) -> 37.209288 | E13: =_xlfn.STDEV.P('30lb(ni=3,no=1)_T1'!C12,'30lb(ni=3,no=1_T2)'!C12,'30lb(ni=3,no=1_T3)'!C12) -> 0.57299528 | F13: =AVERAGE('30lb(ni=3,no=1)_T1'!D12,'30lb(ni=3,no=1_T2)'!D12,'30lb(ni=3,no=1_T3)'!D12) -> 151.12013 | G13: =_xlfn.STDEV.P('30lb(ni=3,no=1)_T1'!D12,'30lb(ni=3,no=1_T2)'!D12,'30lb(ni=3,no=1_T3)'!D12) -> 6.3044704 | H13: =AVERAGE('30lb(ni=3,no=1)_T1'!E12,'30lb(ni=3,no=1_T2)'!E12,'30lb(ni=3,no=1_T3)'!E12) -> 15.733013 | I13: =_xlfn.STDEV.P('30lb(ni=3,no=1)_T1'!E12,'30lb(ni=3,no=1_T2)'!E12,'30lb(ni=3,no=1_T3)'!E12) -> 1.1927121 | J13: =AVERAGE('30lb(ni=3,no=1)_T1'!F12,'30lb(ni=3,no=1_T2)'!F12,'30lb(ni=3,no=1_T3)'!F12) -> 13.233163 | K13: =_xlfn.STDEV.P('30lb(ni=3,no=1)_T1'!F12,'30lb(ni=3,no=1_T2)'!F12,'30lb(ni=3,no=1_T3)'!F12) -> 0.80048356
A14: =AVERAGE('30lb(ni=3,no=1)_T1'!A13,'30lb(ni=3,no=1_T2)'!A13,'30lb(ni=3,no=1_T3)'!A13) -> 233.23722 | B14: =AVERAGE('30lb(ni=3,no=1)_T1'!B13,'30lb(ni=3,no=1_T2)'!B13,'30lb(ni=3,no=1_T3)'!B13) -> 0.21 | C14: =_xlfn.STDEV.P('30lb(ni=3,no=1)_T1'!B13,'30lb(ni=3,no=1_T2)'!B13,'30lb(ni=3,no=1_T3)'!B13) -> 0.10614456 | D14: =AVERAGE('30lb(ni=3,no=1)_T1'!C13,'30lb(ni=3,no=1_T2)'!C13,'30lb(ni=3,no=1_T3)'!C13) -> 37.029796 | E14: =_xlfn.STDEV.P('30lb(ni=3,no=1)_T1'!C13,'30lb(ni=3,no=1_T2)'!C13,'30lb(ni=3,no=1_T3)'!C13) -> 0.62256684 | F14: =AVERAGE('30lb(ni=3,no=1)_T1'!D13,'30lb(ni=3,no=1_T2)'!D13,'30lb(ni=3,no=1_T3)'!D13) -> 151.77261 | G14: =_xlfn.STDEV.P('30lb(ni=3,no=1)_T1'!D13,'30lb(ni=3,no=1_T2)'!D13,'30lb(ni=3,no=1_T3)'!D13) -> 6.411017 | H14: =AVERAGE('30lb(ni=3,no=1)_T1'!E13,'30lb(ni=3,no=1_T2)'!E13,'30lb(ni=3,no=1_T3)'!E13) -> 14.26248 | I14: =_xlfn.STDEV.P('30lb(ni=3,no=1)_T1'!E13,'30lb(ni=3,no=1_T2)'!E13,'30lb(ni=3,no=1_T3)'!E13) -> 0.69979625 | J14: =AVERAGE('30lb(ni=3,no=1)_T1'!F13,'30lb(ni=3,no=1_T2)'!F13,'30lb(ni=3,no=1_T3)'!F13) -> 11.171531 | K14: =_xlfn.STDEV.P('30lb(ni=3,no=1)_T1'!F13,'30lb(ni=3,no=1_T2)'!F13,'30lb(ni=3,no=1_T3)'!F13) -> 0.57074154
... A19: =AVERAGE('30lb(ni=3,no=1)_T1'!A18,'30lb(ni=3,no=1_T2)'!A18,'30lb(ni=3,no=1_T3)'!A18) -> 182.27081 | B19: =AVERAGE('30lb(ni=3,no=1)_T1'!B18,'30lb(ni=3,no=1_T2)'!B18,'30lb(ni=3,no=1_T3)'!B18) -> 0.805 | C19: =_xlfn.STDEV.P('30lb(ni=3,no=1)_T1'!B18,'30lb(ni=3,no=1_T2)'!B18,'30lb(ni=3,no=1_T3)'!B18) -> 0.075 | D19: =AVERAGE('30lb(ni=3,no=1)_T1'!C18,'30lb(ni=3,no=1_T2)'!C18,'30lb(ni=3,no=1_T3)'!C18) -> 23.929049 | E19: =_xlfn.STDEV.P('30lb(ni=3,no=1)_T1'!C18,'30lb(ni=3,no=1_T2)'!C18,'30lb(ni=3,no=1_T3)'!C18) -> 1.8372975 | F19: =AVERAGE('30lb(ni=3,no=1)_T1'!D18,'30lb(ni=3,no=1_T2)'!D18,'30lb(ni=3,no=1_T3)'!D18) -> 158.00485 | G19: =_xlfn.STDEV.P('30lb(ni=3,no=1)_T1'!D18,'30lb(ni=3,no=1_T2)'!D18,'30lb(ni=3,no=1_T3)'!D18) -> 5.751882 | H19: =AVERAGE('30lb(ni=3,no=1)_T1'!E18,'30lb(ni=3,no=1_T2)'!E18,'30lb(ni=3,no=1_T3)'!E18) -> 4.9304455 | I19: =_xlfn.STDEV.P('30lb(ni=3,no=1)_T1'!E18,'30lb(ni=3,no=1_T2)'!E18,'30lb(ni=3,no=1_T3)'!E18) -> 0.53429162 | J19: =AVERAGE('30lb(ni=3,no=1)_T1'!F18,'30lb(ni=3,no=1_T2)'!F18,'30lb(ni=3,no=1_T3)'!F18) -> 5.0584811 | K19: =_xlfn.STDEV.P('30lb(ni=3,no=1)_T1'!F18,'30lb(ni=3,no=1_T2)'!F18,'30lb(ni=3,no=1_T3)'!F18) -> 0.29598107

Sheet 30lb(ni=3,no=1)_T1
A1: e(mm) | B1: F (N) | C1: L_bi (mm) | D1: L_li (mm) | E1: L_bo (mm) | F1: R_bi (mm)
A2: 345.17005 | B2: 0 | C2: 41.842512 | D2: 149.82319 | E2: 30.185507 | F2: 193.26087
A3: 335.17005 | B3: 0.01 | C3: 41.474396 | D3: 151.05024 | E3: 30.185507 | F3: 156.57198
A4: 325.17005 | B4: 0.02 | C4: 41.351691 | D4: 150.31401 | E4: 28.222222 | F4: 98.286957
A5: 315.17005 | B5: 0.02 | C5: 41.10628 | D5: 151.05024 | E5: 24.909179 | F5: 83.685024
A6: 305.17005 | B6: 0.03 | C6: 40.615459 | D6: 151.17295 | E6: 25.154589 | F6: 61.966184
A7: 295.17005 | B7: 0.05 | C7: 39.879227 | D7: 152.76812 | E7: 24.541063 | F7: 43.192271
A8: 285.17005 | B8: 0.06 | C8: 39.2657 | D8: 153.13623 | E8: 22.209662 | F8: 33.25314
A9: 275.17005 | B9: 0.06 | C9: 38.652174 | D9: 154.24058 | E9: 19.878261 | F9: 26.504348
A10: 265.17005 | B10: 0.09 | C10: 38.284058 | D10: 155.46763 | E10: 19.63285 | F10: 20.246377
A11: 255.17005 | B11: 0.12 | C11: 38.038647 | D11: 156.57198 | E11: 18.283092 | F11: 16.319807
A12: 245.17005 | B12: 0.16 | C12: 37.915942 | D12: 158.04444 | E12: 17.056039 | F12: 12.761353
A13: 235.17005 | B13: 0.36 | C13: 37.793237 | D13: 158.53527 | E13: 15.215459 | F13: 10.675362
... A16: 205.17005 | B16: 1.18 | C16: 28.835749 | D16: 163.81159 | E16: 6.626087 | F16: 6.0125604

Sheet 30lb(ni=3,no=1_T2)
A1: e(mm) | B1: F (N) | C1: L_bi (mm) | D1: L_li (mm) | E1: L_bo (mm) | F1: R_bi (mm)
A2: 343.63269 | B2: 0 | C2: 42.374038 | D2: 142.99712 | E2: 30.406731 | F2: 100.50096
A3: 333.63269 | B3: 0.01 | C3: 42.251923 | D3: 142.875 | E3: 26.376923 | F3: 66.675
A4: 323.63269 | B4: 0.02 | C4: 41.275 | D4: 143.97404 | E4: 23.690385 | F4: 58.7375
A5: 313.63269 | B5: 0.02 | C5: 40.908654 | D5: 145.31731 | E5: 22.713462 | F5: 44.694231
A6: 303.63269 | B6: 0.03 | C6: 40.664423 | D6: 144.70673 | E6: 21.492308 | F6: 38.710577
A7: 293.63269 | B7: 0.04 | C7: 40.298077 | D7: 145.43942 | E7: 19.782692 | F7: 30.773077
A8: 283.63269 | B8: 0.05 | C8: 39.321154 | D8: 146.41635 | E8: 18.561538 | F8: 25.766346
A9: 273.63269 | B9: 0.05 | C9: 38.466346 | D9: 148.61442 | E9: 18.073077 | F9: 21.980769
A10: 263.63269 | B10: 0.06 | C10: 38.222115 | D10: 149.225 | E10: 17.218269 | F10: 21.492308
A11: 253.63269 | B11: 0.08 | C11: 37.123077 | D11: 150.8125 | E11: 15.142308 | F11: 15.264423
A12: 243.63269 | B12: 0.1 | C12: 36.5125 | D12: 152.52212 | E12: 14.165385 | F12: 12.577885
A13: 233.63269 | B13: 0.13 | C13: 36.268269 | D13: 153.62115 | E13: 13.554808 | F13: 10.868269
... A18: 183.63269 | B18: 0.88 | C18: 25.766346 | D18: 163.75673 | E18: 4.3961538 | F18: 4.7625

Sheet 30lb(ni=3,no=1_T3)
A1: e(mm) | B1: F (N) | C1: L_bi (mm) | D1: L_li (mm) | E1: L_bo (mm) | F1: R_bi (mm)
A2: 340.90892 | B2: 0 | C2: 41.647178 | D2: 136.78997 | E2: 31.391606 | F2: 94.652677
A3: 330.90892 | B3: 0 | C3: 42.259817 | D3: 135.36864 | E3: 29.651712 | F3: 77.560058
A4: 320.90892 | B4: 0.01 | C4: 42.088278 | D4: 135.06233 | E4: 27.323685 | F4: 61.717221
A5: 310.90892 | B5: 0.02 | C5: 41.218331 | D5: 136.69194 | E5: 26.711047 | F5: 49.513459
A6: 300.90892 | B6: 0.02 | C6: 40.532176 | D6: 137.5864 | E6: 23.819392 | F6: 39.588712
A7: 290.90892 | B7: 0.03 | C7: 39.968548 | D7: 137.99074 | E7: 22.422576 | F7: 32.788423
A8: 280.90892 | B8: 0.04 | C8: 39.772504 | D8: 137.95398 | E8: 20.180318 | F8: 28.144621
A9: 270.90892 | B9: 0.05 | C9: 39.649976 | D9: 139.25277 | E9: 19.530921 | F9: 23.243512
A10: 260.90892 | B10: 0.08 | C10: 38.461457 | D10: 141.61756 | E10: 18.134105 | F10: 19.677955
A11: 250.90892 | B11: 0.09 | C11: 37.885576 | D11: 142.08316 | E11: 14.544042 | F11: 16.43097
A12: 240.90892 | B12: 0.1 | C12: 37.199421 | D12: 142.79383 | E12: 15.977617 | F12: 14.360251
A13: 230.90892 | B13: 0.14 | C13: 37.027882 | D13: 143.16141 | E13: 14.017173 | F13: 11.97096
... A19: 170.90892 | B19: 0.9 | C19: 17.019103 | D19: 155.4877 | E19: 4.5947902 | F19: 4.0801737
