Workbook

Sheet Summary
A1: e(mm) | B1: F (N) | D1: L_bi (mm) | F1: L_li (mm) | H1: L_bo (mm) | J1: R_bi (mm)
B2: ave | C2: std | D2: ave | E2: std | F2: ave | G2: std | H2: ave | I2: std | J2: ave | K2: std
A3: =AVERAGE('30lb(ni=2,no=1)_T1 Marke'!A2,'30lb(ni=2,no=1_T2)'!A2,'30lb(ni=2,no=1_T3)'!A2) -> 345.7507 | B3: =AVERAGE('30lb(ni=2,no=1)_T1 Marke'!B2,'30lb(ni=2,no=1_T2)'!B2,'30lb(ni=2,no=1_T3)'!B2) -> 0 | C3: =_xlfn.STDEV.P('30lb(ni=2,no=1)_T1 Marke'!B2,'30lb(ni=2,no=1_T2)'!B2,'30lb(ni=2,no=1_T3)'!B2) -> 0 | D3: =AVERAGE('30lb(ni=2,no=1)_T1 Marke'!C2,'30lb(ni=2,no=1_T2)'!C2,'30lb(ni=2,no=1_T3)'!C2) -> 34.401212 | E3: =_xlfn.STDEV.P('30lb(ni=2,no=1)_T1 Marke'!C2,'30lb(ni=2,no=1_T2)'!C2,'30lb(ni=2,no=1_T3)'!C2) -> 2.377092 | F3: =AVERAGE('30lb(ni=2,no=1)_T1 Marke'!D2,'30lb(ni=2,no=1_T2)'!D2,'30lb(ni=2,no=1_T3)'!D2) -> 169.7297 | G3: =_xlfn.STDEV.P('30lb(ni=2,no=1)_T1 Marke'!D2,'30lb(ni=2,no=1_T2)'!D2,'30lb(ni=2,no=1_T3)'!D2) -> 25.907221 | H3: =AVERAGE('30lb(ni=2,no=1)_T1 Marke'!E2,'30lb(ni=2,no=1_T2)'!E2,'30lb(ni=2,no=1_T3)'!E2) -> 25.402444 | I3: =_xlfn.STDEV.P('30lb(ni=2,no=1)_T1 Marke'!E2,'30lb(ni=2,no=1_T2)'!E2,'30lb(ni=2,no=1_T3)'!E2) -> 1.9340578 | J3: =AVERAGE('30lb(ni=2,no=1)_T1 Marke'!F2,'30lb(ni=2,no=1_T2)'!F2,'30lb(ni=2,no=1_T3)'!F2) -> 91.970521 | K3: =_xlfn.STDEV.P('30lb(ni=2,no=1)_T1 Marke'!F2,'30lb(ni=2,no=1_T2)'!F2,'30lb(ni=2,no=1_T3)'!F2) -> 35.608692
A4: =AVERAGE('30lb(ni=2,no=1)_T1 Marke'!A3,'30lb(ni=2,no=1_T2)'!A3,'30lb(ni=2,no=1_T3)'!A3) -> 335.7507 | B4: =AVERAGE('30lb(ni=2,no=1)_T1 Marke'!B3,'30lb(ni=2,no=1_T2)'!B3,'30lb(ni=2,no=1_T3)'!B3) -> 0.026666667 | C4: =_xlfn.STDEV.P('30lb(ni=2,no=1)_T1 Marke'!B3,'30lb(ni=2,no=1_T2)'!B3,'30lb(ni=2,no=1_T3)'!B3) -> 0.037712362 | D4: =AVERAGE('30lb(ni=2,no=1)_T1 Marke'!C3,'30lb(ni=2,no=1_T2)'!C3,'30lb(ni=2,no=1_T3)'!C3) -> 33.755307 | E4: =_xlfn.STDEV.P('30lb(ni=2,no=1)_T1 Marke'!C3,'30lb(ni=2,no=1_T2)'!C3,'30lb(ni=2,no=1_T3)'!C3) -> 2.4948535 | F4: =AVERAGE('30lb(ni=2,no=1)_T1 Marke'!D3,'30lb(ni=2,no=1_T2)'!D3,'30lb(ni=2,no=1_T3)'!D3) -> 170.43044 | G4: =_xlfn.STDEV.P('30lb(ni=2,no=1)_T1 Marke'!D3,'30lb(ni=2,no=1_T2)'!D3,'30lb(ni=2,no=1_T3)'!D3) -> 26.691769 | H4: =AVERAGE('30lb(ni=2,no=1)_T1 Marke'!E3,'30lb(ni=2,no=1_T2)'!E3,'30lb(ni=2,no=1_T3)'!E3) -> 23.614983 | I4: =_xlfn.STDEV.P('30lb(ni=2,no=1)_T1 Marke'!E3,'30lb(ni=2,no=1_T2)'!E3,'30lb(ni=2,no=1_T3)'!E3) -> 2.4271148 | J4: =AVERAGE('30lb(ni=2,no=1)_T1 Marke'!F3,'30lb(ni=2,no=1_T2)'!F3,'30lb(ni=2,no=1_T3)'!F3) -> 73.994439 | K4: =_xlfn.STDEV.P('30lb(ni=2,no=1)_T1 Marke'!F3,'30lb(ni=2,no=1_T2)'!F3,'30lb(ni=2,no=1_T3)'!F3) -> 21.689039
A5: =AVERAGE('30lb(ni=2,no=1)_T1 Marke'!A4,'30lb(ni=2,no=1_T2)'!A4,'30lb(ni=2,no=1_T3)'!A4) -> 325.7507 | B5: =AVERAGE('30lb(ni=2,no=1)_T1 Marke'!B4,'30lb(ni=2,no=1_T2)'!B4,'30lb(ni=2,no=1_T3)'!B4) -> 0.063333333 | C5: =_xlfn.STDEV.P('30lb(ni=2,no=1)_T1 Marke'!B4,'30lb(ni=2,no=1_T2)'!B4,'30lb(ni=2,no=1_T3)'!B4) -> 0.089566859 | D5: =AVERAGE('30lb(ni=2,no=1)_T1 Marke'!C4,'30lb(ni=2,no=1_T2)'!C4,'30lb(ni=2,no=1_T3)'!C4) -> 33.288331 | E5: =_xlfn.STDEV.P('30lb(ni=2,no=1)_T1 Marke'!C4,'30lb(ni=2,no=1_T2)'!C4,'30lb(ni=2,no=1_T3)'!C4) -> 2.5826659 | F5: =AVERAGE('30lb(ni=2,no=1)_T1 Marke'!D4,'30lb(ni=2,no=1_T2)'!D4,'30lb(ni=2,no=1_T3)'!D4) -> 171.27661 | G5: =_xlfn.STDEV.P('30lb(ni=2,no=1)_T1 Marke'!D4,'30lb(ni=2,no=1_T2)'!D4,'30lb(ni=2,no=1_T3)'!D4) -> 25.520125 | H5: =AVERAGE('30lb(ni=2,no=1)_T1 Marke'!E4,'30lb(ni=2,no=1_T2)'!E4,'30lb(ni=2,no=1_T3)'!E4) -> 23.416222 | I5: =_xlfn.STDEV.P('30lb(ni=2,no=1)_T1 Marke'!E4,'30lb(ni=2,no=1_T2)'!E4,'30lb(ni=2,no=1_T3)'!E4) -> 2.2701975 | J5: =AVERAGE('30lb(ni=2,no=1)_T1 Marke'!F4,'30lb(ni=2,no=1_T2)'!F4,'30lb(ni=2,no=1_T3)'!F4) -> 65.212436 | K5: =_xlfn.STDEV.P('30lb(ni=2,no=1)_T1 Marke'!F4,'30lb(ni=2,no=1_T2)'!F4,'30lb(ni=2,no=1_T3)'!F4) -> 19.844191
A6: =AVERAGE('30lb(ni=2,no=1)_T1 Marke'!A5,'30lb(ni=2,no=1_T2)'!A5,'30lb(ni=2,no=1_T3)'!A5) -> 315.7507 | B6: =AVERAGE('30lb(ni=2,no=1)_T1 Marke'!B5,'30lb(ni=2,no=1_T2)'!B5,'30lb(ni=2,no=1_T3)'!B5) -> 0.056666667 | C6: =_xlfn.STDEV.P('30lb(ni=2,no=1)_T1 Marke'!B5,'30lb(ni=2,no=1_T2)'!B5,'30lb(ni=2,no=1_T3)'!B5) -> 0.080138769 | D6: =AVERAGE('30lb(ni=2,no=1)_T1 Marke'!C5,'30lb(ni=2,no=1_T2)'!C5,'30lb(ni=2,no=1_T3)'!C5) -> 32.759384 | E6: =_xlfn.STDEV.P('30lb(ni=2,no=1)_T1 Marke'!C5,'30lb(ni=2,no=1_T2)'!C5,'30lb(ni=2,no=1_T3)'!C5) -> 2.7437244 | F6: =AVERAGE('30lb(ni=2,no=1)_T1 Marke'!D5,'30lb(ni=2,no=1_T2)'!D5,'30lb(ni=2,no=1_T3)'!D5) -> 171.65743 | G6: =_xlfn.STDEV.P('30lb(ni=2,no=1)_T1 Marke'!D5,'30lb(ni=2,no=1_T2)'!D5,'30lb(ni=2,no=1_T3)'!D5) -> 25.295549 | H6: =AVERAGE('30lb(ni=2,no=1)_T1 Marke'!E5,'30lb(ni=2,no=1_T2)'!E5,'30lb(ni=2,no=1_T3)'!E5) -> 22.535969 | I6: =_xlfn.STDEV.P('30lb(ni=2,no=1)_T1 Marke'!E5,'30lb(ni=2,no=1_T2)'!E5,'30lb(ni=2,no=1_T3)'!E5) -> 2.3184975 | J6: =AVERAGE('30lb(ni=2,no=1)_T1 Marke'!F5,'30lb(ni=2,no=1_T2)'!F5,'30lb(ni=2,no=1_T3)'!F5) -> 53.787608 | K6: =_xlfn.STDEV.P('30lb(ni=2,no=1)_T1 Marke'!F5,'30lb(ni=2,no=1_T2)'!F5,'30lb(ni=2,no=1_T3)'!F5) -> 13.222848
A7: =AVERAGE('30lb(ni=2,no=1)_T1 Marke'!A6,'30lb(ni=2,no=1_T2)'!A6,'30lb(ni=2,no=1_T3)'!A6) -> 305.7507 | B7: =AVERAGE('30lb(ni=2,no=1)_T1 Marke'!B6,'30lb(ni=2,no=1_T2)'!B6,'30lb(ni=2,no=1_T3)'!B6) -> 0.083333333 | C7: =_xlfn.STDEV.P('30lb(ni=2,no=1)_T1 Marke'!B6,'30lb(ni=2,no=1_T2)'!B6,'30lb(ni=2,no=1_T3)'!B6) -> 0.074087036 | D7: =AVERAGE('30lb(ni=2,no=1)_T1 Marke'!C6,'30lb(ni=2,no=1_T2)'!C6,'30lb(ni=2,no=1_T3)'!C6) -> 32.068906 | E7: =_xlfn.STDEV.P('30lb(ni=2,no=1)_T1 Marke'!C6,'30lb(ni=2,no=1_T2)'!C6,'30lb(ni=2,no=1_T3)'!C6) -> 3.1010536 | F7: =AVERAGE('30lb(ni=2,no=1)_T1 Marke'!D6,'30lb(ni=2,no=1_T2)'!D6,'30lb(ni=2,no=1_T3)'!D6) -> 171.63254 | G7: =_xlfn.STDEV.P('30lb(ni=2,no=1)_T1 Marke'!D6,'30lb(ni=2,no=1_T2)'!D6,'30lb(ni=2,no=1_T3)'!D6) -> 25.013927 | H7: =AVERAGE('30lb(ni=2,no=1)_T1 Marke'!E6,'30lb(ni=2,no=1_T2)'!E6,'30lb(ni=2,no=1_T3)'!E6) -> 22.068494 | I7: =_xlfn.STDEV.P('30lb(ni=2,no=1)_T1 Marke'!E6,'30lb(ni=2,no=1_T2)'!E6,'30lb(ni=2,no=1_T3)'!E6) -> 2.1713209 | J7: =AVERAGE('30lb(ni=2,no=1)_T1 Marke'!F6,'30lb(ni=2,no=1_T2)'!F6,'30lb(ni=2,no=1_T3)'!F6) -> 44.179193 | K7: =_xlfn.STDEV.P('30lb(ni=2,no=1)_T1 Marke'!F6,'30lb(ni=2,no=1_T2)'!F6,'30lb(ni=2,no=1_T3)'!F6) -> 10.099177
A8: =AVERAGE('30lb(ni=2,no=1)_T1 Marke'!A7,'30lb(ni=2,no=1_T2)'!A7,'30lb(ni=2,no=1_T3)'!A7) -> 295.7507 | B8: =AVERAGE('30lb(ni=2,no=1)_T1 Marke'!B7,'30lb(ni=2,no=1_T2)'!B7,'30lb(ni=2,no=1_T3)'!B7) -> 0.09 | C8: =_xlfn.STDEV.P('30lb(ni=2,no=1)_T1 Marke'!B7,'30lb(ni=2,no=1_T2)'!B7,'30lb(ni=2,no=1_T3)'!B7) -> 0.07788881 | D8: =AVERAGE('30lb(ni=2,no=1)_T1 Marke'!C7,'30lb(ni=2,no=1_T2)'!C7,'30lb(ni=2,no=1_T3)'!C7) -> 31.024843 | E8: =_xlfn.STDEV.P('30lb(ni=2,no=1)_T1 Marke'!C7,'30lb(ni=2,no=1_T2)'!C7,'30lb(ni=2,no=1_T3)'!C7) -> 3.6001246 | F8: =AVERAGE('30lb(ni=2,no=1)_T1 Marke'!D7,'30lb(ni=2,no=1_T2)'!D7,'30lb(ni=2,no=1_T3)'!D7) -> 172.65563 | G8: =_xlfn.STDEV.P('30lb(ni=2,no=1)_T1 Marke'!D7,'30lb(ni=2,no=1_T2)'!D7,'30lb(ni=2,no=1_T3)'!D7) -> 24.88388 | H8: =AVERAGE('30lb(ni=2,no=1)_T1 Marke'!E7,'30lb(ni=2,no=1_T2)'!E7,'30lb(ni=2,no=1_T3)'!E7) -> 20.625712 | I8: =_xlfn.STDEV.P('30lb(ni=2,no=1)_T1 Marke'!E7,'30lb(ni=2,no=1_T2)'!E7,'30lb(ni=2,no=1_T3)'!E7) -> 2.9914764 | J8: =AVERAGE('30lb(ni=2,no=1)_T1 Marke'!F7,'30lb(ni=2,no=1_T2)'!F7,'30lb(ni=2,no=1_T3)'!F7) -> 36.433141 | K8: =_xlfn.STDEV.P('30lb(ni=2,no=1)_T1 Marke'!F7,'30lb(ni=2,no=1_T2)'!F7,'30lb(ni=2,no=1_T3)'!F7) -> 10.656643
A9: =AVERAGE('30lb(ni=2,no=1)_T1 Marke'!A8,'30lb(ni=2,no=1_T2)'!A8,'30lb(ni=2,no=1_T3)'!A8) -> 285.7507 | B9: =AVERAGE('30lb(ni=2,no=1)_T1 Marke'!B8,'30lb(ni=2,no=1_T2)'!B8,'30lb(ni=2,no=1_T3)'!B8) -> 0.12 | C9: =_xlfn.STDEV.P('30lb(ni=2,no=1)_T1 Marke'!B8,'30lb(ni=2,no=1_T2)'!B8,'30lb(ni=2,no=1_T3)'!B8) -> 0.049665548 | D9: =AVERAGE('30lb(ni=2,no=1)_T1 Marke'!C8,'30lb(ni=2,no=1_T2)'!C8,'30lb(ni=2,no=1_T3)'!C8) -> 29.625199 | E9: =_xlfn.STDEV.P('30lb(ni=2,no=1)_T1 Marke'!C8,'30lb(ni=2,no=1_T2)'!C8,'30lb(ni=2,no=1_T3)'!C8) -> 4.0112655 | F9: =AVERAGE('30lb(ni=2,no=1)_T1 Marke'!D8,'30lb(ni=2,no=1_T2)'!D8,'30lb(ni=2,no=1_T3)'!D8) -> 173.2897 | G9: =_xlfn.STDEV.P('30lb(ni=2,no=1)_T1 Marke'!D8,'30lb(ni=2,no=1_T2)'!D8,'30lb(ni=2,no=1_T3)'!D8) -> 24.789419 | H9: =AVERAGE('30lb(ni=2,no=1)_T1 Marke'!E8,'30lb(ni=2,no=1_T2)'!E8,'30lb(ni=2,no=1_T3)'!E8) -> 20.147536 | I9: =_xlfn.STDEV.P('30lb(ni=2,no=1)_T1 Marke'!E8,'30lb(ni=2,no=1_T2)'!E8,'30lb(ni=2,no=1_T3)'!E8) -> 2.7869324 | J9: =AVERAGE('30lb(ni=2,no=1)_T1 Marke'!F8,'30lb(ni=2,no=1_T2)'!F8,'30lb(ni=2,no=1_T3)'!F8) -> 31.075887 | K9: =_xlfn.STDEV.P('30lb(ni=2,no=1)_T1 Marke'!F8,'30lb(ni=2,no=1_T2)'!F8,'30lb(ni=2,no=1_T3)'!F8) -> 9.8070535
A10: =AVERAGE('30lb(ni=2,no=1)_T1 Marke'!A9,'30lb(ni=2,no=1_T2)'!A9,'30lb(ni=2,no=1_T3)'!A9) -> 275.7507 | B10: =AVERAGE('30lb(ni=2,no=1)_T1 Marke'!B9,'30lb(ni=2,no=1_T2)'!B9,'30lb(ni=2,no=1_T3)'!B9) -> 0.14666667 | C10: =_xlfn.STDEV.P('30lb(ni=2,no=1)_T1 Marke'!B9,'30lb(ni=2,no=1_T2)'!B9,'30lb(ni=2,no=1_T3)'!B9) -> 0.030912062 | D10: =AVERAGE('30lb(ni=2,no=1)_T1 Marke'!C9,'30lb(ni=2,no=1_T2)'!C9,'30lb(ni=2,no=1_T3)'!C9) -> 28.726833 | E10: =_xlfn.STDEV.P('30lb(ni=2,no=1)_T1 Marke'!C9,'30lb(ni=2,no=1_T2)'!C9,'30lb(ni=2,no=1_T3)'!C9) -> 4.3186727 | F10: =AVERAGE('30lb(ni=2,no=1)_T1 Marke'!D9,'30lb(ni=2,no=1_T2)'!D9,'30lb(ni=2,no=1_T3)'!D9) -> 173.78307 | G10: =_xlfn.STDEV.P('30lb(ni=2,no=1)_T1 Marke'!D9,'30lb(ni=2,no=1_T2)'!D9,'30lb(ni=2,no=1_T3)'!D9) -> 24.914177 | H10: =AVERAGE('30lb(ni=2,no=1)_T1 Marke'!E9,'30lb(ni=2,no=1_T2)'!E9,'30lb(ni=2,no=1_T3)'!E9) -> 18.706388 | I10: =_xlfn.STDEV.P('30lb(ni=2,no=1)_T1 Marke'!E9,'30lb(ni=2,no=1_T2)'!E9,'30lb(ni=2,no=1_T3)'!E9) -> 2.6990568 | J10: =AVERAGE('30lb(ni=2,no=1)_T1 Marke'!F9,'30lb(ni=2,no=1_T2)'!F9,'30lb(ni=2,no=1_T3)'!F9) -> 26.860042 | K10: =_xlfn.STDEV.P('30lb(ni=2,no=1)_T1 Marke'!F9,'30lb(ni=2,no=1_T2)'!F9,'30lb(ni=2,no=1_T3)'!F9) -> 8.7419667
A11: =AVERAGE('30lb(ni=2,no=1)_T1 Marke'!A10,'30lb(ni=2,no=1_T2)'!A10,'30lb(ni=2,no=1_T3)'!A10) -> 265.7507 | B11: =AVERAGE('30lb(ni=2,no=1)_T1 Marke'!B10,'30lb(ni=2,no=1_T2)'!B10,'30lb(ni=2,no=1_T3)'!B10) -> 0.16333333 | C11: =_xlfn.STDEV.P('30lb(ni=2,no=1)_T1 Marke'!B10,'30lb(ni=2,no=1_T2)'!B10,'30lb(ni=2,no=1_T3)'!B10) -> 0.026246693 | D11: =AVERAGE('30lb(ni=2,no=1)_T1 Marke'!C10,'30lb(ni=2,no=1_T2)'!C10,'30lb(ni=2,no=1_T3)'!C10) -> 27.708657 | E11: =_xlfn.STDEV.P('30lb(ni=2,no=1)_T1 Marke'!C10,'30lb(ni=2,no=1_T2)'!C10,'30lb(ni=2,no=1_T3)'!C10) -> 3.9381289 | F11: =AVERAGE('30lb(ni=2,no=1)_T1 Marke'!D10,'30lb(ni=2,no=1_T2)'!D10,'30lb(ni=2,no=1_T3)'!D10) -> 175.11824 | G11: =_xlfn.STDEV.P('30lb(ni=2,no=1)_T1 Marke'!D10,'30lb(ni=2,no=1_T2)'!D10,'30lb(ni=2,no=1_T3)'!D10) -> 24.569126 | H11: =AVERAGE('30lb(ni=2,no=1)_T1 Marke'!E10,'30lb(ni=2,no=1_T2)'!E10,'30lb(ni=2,no=1_T3)'!E10) -> 18.565401 | I11: =_xlfn.STDEV.P('30lb(ni=2,no=1)_T1 Marke'!E10,'30lb(ni=2,no=1_T2)'!E10,'30lb(ni=2,no=1_T3)'!E10) -> 3.9579699 | J11: =AVERAGE('30lb(ni=2,no=1)_T1 Marke'!F10,'30lb(ni=2,no=1_T2)'!F10,'30lb(ni=2,no=1_T3)'!F10) -> 21.997715 | K11: =_xlfn.STDEV.P('30lb(ni=2,no=1)_T1 Marke'!F10,'30lb(ni=2,no=1_T2)'!F10,'30lb(ni=2,no=1_T3)'!F10) -> 8.0520761
A12: =AVERAGE('30lb(ni=2,no=1)_T1 Marke'!A11,'30lb(ni=2,no=1_T2)'!A11,'30lb(ni=2,no=1_T3)'!A11) -> 255.7507 | B12: =AVERAGE('30lb(ni=2,no=1)_T1 Marke'!B11,'30lb(ni=2,no=1_T2)'!B11,'30lb(ni=2,no=1_T3)'!B11) -> 0.19666667 | C12: =_xlfn.STDEV.P('30lb(ni=2,no=1)_T1 Marke'!B11,'30lb(ni=2,no=1_T2)'!B11,'30lb(ni=2,no=1_T3)'!B11) -> 0.012472191 | D12: =AVERAGE('30lb(ni=2,no=1)_T1 Marke'!C11,'30lb(ni=2,no=1_T2)'!C11,'30lb(ni=2,no=1_T3)'!C11) -> 26.717155 | E12: =_xlfn.STDEV.P('30lb(ni=2,no=1)_T1 Marke'!C11,'30lb(ni=2,no=1_T2)'!C11,'30lb(ni=2,no=1_T3)'!C11) -> 4.6529263 | F12: =AVERAGE('30lb(ni=2,no=1)_T1 Marke'!D11,'30lb(ni=2,no=1_T2)'!D11,'30lb(ni=2,no=1_T3)'!D11) -> 176.56095 | G12: =_xlfn.STDEV.P('30lb(ni=2,no=1)_T1 Marke'!D11,'30lb(ni=2,no=1_T2)'!D11,'30lb(ni=2,no=1_T3)'!D11) -> 24.490991 | H12: =AVERAGE('30lb(ni=2,no=1)_T1 Marke'!E11,'30lb(ni=2,no=1_T2)'!E11,'30lb(ni=2,no=1_T3)'!E11) -> 16.480898 | I12: =_xlfn.STDEV.P('30lb(ni=2,no=1)_T1 Marke'!E11,'30lb(ni=2,no=1_T2)'!E11,'30lb(ni=2,no=1_T3)'!E11) -> 2.8474008 | J12: =AVERAGE('30lb(ni=2,no=1)_T1 Marke'!F11,'30lb(ni=2,no=1_T2)'!F11,'30lb(ni=2,no=1_T3)'!F11) -> 18.684161 | K12: =_xlfn.STDEV.P('30lb(ni=2,no=1)_T1 Marke'!F11,'30lb(ni=2,no=1_T2)'!F11,'30lb(ni=2,no=1_T3)'!F11) -> 7.4517733
A13: =AVERAGE('30lb(ni=2,no=1)_T1 Marke'!A12,'30lb(ni=2,no=1_T2)'!A12,'30lb(ni=2,no=1_T3)'!A12) -> 245.7507 | B13: =AVERAGE('30lb(ni=2,no=1)_T1 Marke'!B12,'30lb(ni=2,no=1_T2)'!B12,'30lb(ni=2,no=1_T3)'!B12) -> 0.24 | C13: =_xlfn.STDEV.P('30lb(ni=2,no=1)_T1 Marke'!B12,'30lb(ni=2,no=1_T2)'!B12,'30lb(ni=2,no=1_T3)'!B12) -> 0.016329932 | D13: =AVERAGE('30lb(ni=2,no=1)_T1 Marke'!C12,'30lb(ni=2,no=1_T2)'!C12,'30lb(ni=2,no=1_T3)'!C12) -> 25.500721 | E13: =_xlfn.STDEV.P('30lb(ni=2,no=1)_T1 Marke'!C12,'30lb(ni=2,no=1_T2)'!C12,'30lb(ni=2,no=1_T3)'!C12) -> 5.0438022 | F13: =AVERAGE('30lb(ni=2,no=1)_T1 Marke'!D12,'30lb(ni=2,no=1_T2)'!D12,'30lb(ni=2,no=1_T3)'!D12) -> 178.62833 | G13: =_xlfn.STDEV.P('30lb(ni=2,no=1)_T1 Marke'!D12,'30lb(ni=2,no=1_T2)'!D12,'30lb(ni=2,no=1_T3)'!D12) -> 24.138928 | H13: =AVERAGE('30lb(ni=2,no=1)_T1 Marke'!E12,'30lb(ni=2,no=1_T2)'!E12,'30lb(ni=2,no=1_T3)'!E12) -> 15.014502 | I13: =_xlfn.STDEV.P('30lb(ni=2,no=1)_T1 Marke'!E12,'30lb(ni=2,no=1_T2)'!E12,'30lb(ni=2,no=1_T3)'!E12) -> 3.4240782 | J13: =AVERAGE('30lb(ni=2,no=1)_T1 Marke'!F12,'30lb(ni=2,no=1_T2)'!F12,'30lb(ni=2,no=1_T3)'!F12) -> 15.33024 | K13: =_xlfn.STDEV.P('30lb(ni=2,no=1)_T1 Marke'!F12,'30lb(ni=2,no=1_T2)'!F12,'30lb(ni=2,no=1_T3)'!F12) -> 7.0035819
A14: =AVERAGE('30lb(ni=2,no=1)_T1 Marke'!A13,'30lb(ni=2,no=1_T2)'!A13,'30lb(ni=2,no=1_T3)'!A13) -> 235.7507 | B14: =AVERAGE('30lb(ni=2,no=1)_T1 Marke'!B13,'30lb(ni=2,no=1_T2)'!B13,'30lb(ni=2,no=1_T3)'!B13) -> 0.31 | C14: =_xlfn.STDEV.P('30lb(ni=2,no=1)_T1 Marke'!B13,'30lb(ni=2,no=1_T2)'!B13,'30lb(ni=2,no=1_T3)'!B13) -> 0.069761498 | D14: =AVERAGE('30lb(ni=2,no=1)_T1 Marke'!C13,'30lb(ni=2,no=1_T2)'!C13,'30lb(ni=2,no=1_T3)'!C13) -> 23.37373 | E14: =_xlfn.STDEV.P('30lb(ni=2,no=1)_T1 Marke'!C13,'30lb(ni=2,no=1_T2)'!C13,'30lb(ni=2,no=1_T3)'!C13) -> 5.2240922 | F14: =AVERAGE('30lb(ni=2,no=1)_T1 Marke'!D13,'30lb(ni=2,no=1_T2)'!D13,'30lb(ni=2,no=1_T3)'!D13) -> 179.42578 | G14: =_xlfn.STDEV.P('30lb(ni=2,no=1)_T1 Marke'!D13,'30lb(ni=2,no=1_T2)'!D13,'30lb(ni=2,no=1_T3)'!D13) -> 24.069474 | H14: =AVERAGE('30lb(ni=2,no=1)_T1 Marke'!E13,'30lb(ni=2,no=1_T2)'!E13,'30lb(ni=2,no=1_T3)'!E13) -> 13.8716 | I14: =_xlfn.STDEV.P('30lb(ni=2,no=1)_T1 Marke'!E13,'30lb(ni=2,no=1_T2)'!E13,'30lb(ni=2,no=1_T3)'!E13) -> 3.5817074 | J14: =AVERAGE('30lb(ni=2,no=1)_T1 Marke'!F13,'30lb(ni=2,no=1_T2)'!F13,'30lb(ni=2,no=1_T3)'!F13) -> 13.265005 | K14: =_xlfn.STDEV.P('30lb(ni=2,no=1)_T1 Marke'!F13,'30lb(ni=2,no=1_T2)'!F13,'30lb(ni=2,no=1_T3)'!F13) -> 6.880098
... A17: =AVERAGE('30lb(ni=2,no=1)_T1 Marke'!A16,'30lb(ni=2,no=1_T2)'!A16,'30lb(ni=2,no=1_T3)'!A16) -> 205.7507 | B17: =AVERAGE('30lb(ni=2,no=1)_T1 Marke'!B16,'30lb(ni=2,no=1_T2)'!B16,'30lb(ni=2,no=1_T3)'!B16) -> 1.0966667 | C17: =_xlfn.STDEV.P('30lb(ni=2,no=1)_T1 Marke'!B16,'30lb(ni=2,no=1_T2)'!B16,'30lb(ni=2,no=1_T3)'!B16) -> 0.64168182 | D17: =AVERAGE('30lb(ni=2,no=1)_T1 Marke'!C16,'30lb(ni=2,no=1_T2)'!C16,'30lb(ni=2,no=1_T3)'!C16) -> 17.601083 | E17: =_xlfn.STDEV.P('30lb(ni=2,no=1)_T1 Marke'!C16,'30lb(ni=2,no=1_T2)'!C16,'30lb(ni=2,no=1_T3)'!C16) -> 6.2172074 | F17: =AVERAGE('30lb(ni=2,no=1)_T1 Marke'!D16,'30lb(ni=2,no=1_T2)'!D16,'30lb(ni=2,no=1_T3)'!D16) -> 183.4615 | G17: =_xlfn.STDEV.P('30lb(ni=2,no=1)_T1 Marke'!D16,'30lb(ni=2,no=1_T2)'!D16,'30lb(ni=2,no=1_T3)'!D16) -> 25.701699 | H17: =AVERAGE('30lb(ni=2,no=1)_T1 Marke'!E16,'30lb(ni=2,no=1_T2)'!E16,'30lb(ni=2,no=1_T3)'!E16) -> 8.9916801 | I17: =_xlfn.STDEV.P('30lb(ni=2,no=1)_T1 Marke'!E16,'30lb(ni=2,no=1_T2)'!E16,'30lb(ni=2,no=1_T3)'!E16) -> 5.7793472 | J17: =AVERAGE('30lb(ni=2,no=1)_T1 Marke'!F16,'30lb(ni=2,no=1_T2)'!F16,'30lb(ni=2,no=1_T3)'!F16) -> 7.0730645 | K17: =_xlfn.STDEV.P('30lb(ni=2,no=1)_T1 Marke'!F16,'30lb(ni=2,no=1_T2)'!F16,'30lb(ni=2,no=1_T3)'!F16) -> 5.4329737

Sheet 30lb(ni=2,no=1)_T1 Marke
A1: e(mm) | B1: F (N) | C1: L_bi (mm) | D1: L_li (mm) | E1: L_bo (mm) | F1: R_bi (mm)
A2: 406.35 | B2: 0 | C2: 37.376451 | D2: 204.24742 | E2: 27.784265 | F2: 81.864352
A3: 396.35 | B3: 0.08 | C3: 37.045686 | D3: 205.73587 | E3: 26.957352 | F3: 74.256755
A4: 386.35 | B4: 0.19 | C4: 36.714921 | D4: 205.07434 | E4: 26.626587 | F4: 62.183831
A5: 376.35 | B5: 0.17 | C5: 36.549539 | D5: 204.90895 | E5: 25.799674 | F5: 58.545415
A6: 366.35 | B6: 0.18 | C6: 36.384156 | D6: 204.41281 | E6: 25.138144 | F6: 55.733912
A7: 356.35 | B7: 0.19 | C7: 36.053391 | D7: 205.23972 | E7: 24.641997 | F7: 50.441671
A8: 346.35 | B8: 0.19 | C8: 35.226479 | D8: 205.57048 | E8: 23.980467 | F8: 43.991753
A9: 336.35 | B9: 0.19 | C9: 34.730331 | D9: 206.3974 | E9: 21.995876 | F9: 38.368747
A10: 326.35 | B10: 0.2 | C10: 33.241888 | D10: 206.89354 | E10: 23.980467 | F10: 33.076506
A11: 316.35 | B11: 0.21 | C11: 33.241888 | D11: 208.05122 | E11: 20.507434 | F11: 28.941942
A12: 306.35 | B12: 0.22 | C12: 32.580358 | D12: 209.53966 | E12: 19.845903 | F12: 25.138144
A13: 296.35 | B13: 0.23 | C13: 30.76115 | D13: 210.03581 | E13: 18.853608 | F13: 22.822789
... A20: 226.35 | B20: 0.51 | C20: 17.695931 | D20: 227.56636 | E20: 8.2691264 | F20: 5.4576234
A21: 216.35 | B21: 0.68 | C21: 15.215193 | D21: 229.22018 | E21: 5.953771

Sheet 30lb(ni=2,no=1_T2)
A1: e(mm) | B1: F (N) | C1: L_bi (mm) | D1: L_li (mm) | E1: L_bo (mm) | F1: R_bi (mm)
A2: 305.83038 | B2: 0 | C2: 31.558302 | D2: 141.83264 | E2: 25.376038 | F2: 139.74792
A3: 295.83038 | B3: 0 | C3: 31.00717 | D3: 141.20962 | E3: 22.620377 | F3: 100.42585
A4: 285.83038 | B4: 0 | C4: 30.48 | D4: 143.41415 | E4: 21.781698 | F4: 90.888868
A5: 275.83038 | B5: 0 | C5: 30.144528 | D5: 143.60585 | E5: 20.631509 | F5: 67.070377
A6: 265.83038 | B6: 0 | C6: 29.233962 | D6: 143.72566 | E6: 20.463774 | F6: 45.672075
A7: 255.83038 | B7: 0 | C7: 27.820189 | D7: 144.85189 | E7: 19.768868 | F7: 34.242075
A8: 245.83038 | B8: 0.08 | C8: 26.046981 | D8: 145.30717 | E8: 19.026038 | F8: 28.99434
A9: 235.83038 | B9: 0.13 | C9: 24.753019 | D9: 145.93019 | E9: 18.738491 | F9: 25.016604
A10: 225.83038 | B10: 0.14 | C10: 24.393585 | D10: 147.05642 | E10: 17.085094 | F10: 18.738491
A11: 215.83038 | B11: 0.18 | C11: 22.716226 | D11: 148.32642 | E11: 14.425283 | F11: 15.647358
A12: 205.83038 | B12: 0.24 | C12: 21.206604 | D12: 150.62679 | E12: 12.316604 | F12: 11.621698
A13: 195.83038 | B13: 0.3 | C13: 19.601132 | D13: 151.22585 | E13: 12.17283 | F13: 10.064151
... A16: 165.83038 | B16: 1.14 | C16: 15.76717 | D16: 156.32981 | E16: 6.2301887 | F16: 3.9058491

Sheet 30lb(ni=2,no=1_T3)
A1: e(mm) | B1: F (N) | C1: L_bi (mm) | D1: L_li (mm) | E1: L_bo (mm) | F1: R_bi (mm)
A2: 325.07173 | B2: 0 | C2: 34.268884 | D2: 163.10903 | E2: 23.047031 | F2: 54.299287
A3: 315.07173 | B3: 0 | C3: 33.213064 | D3: 164.34584 | E3: 21.267221 | F3: 47.300713
A4: 305.07173 | B4: 0 | C4: 32.670071 | D4: 165.34133 | E4: 21.84038 | F4: 42.564608
A5: 295.07173 | B5: 0 | C5: 31.584086 | D5: 166.45748 | E5: 21.176722 | F5: 35.747031
A6: 285.07173 | B6: 0.07 | C6: 30.588599 | D6: 166.75914 | E6: 20.603563 | F6: 31.131591
A7: 275.07173 | B7: 0.08 | C7: 29.20095 | D7: 167.8753 | E7: 17.466271 | F7: 24.615677
A8: 265.07173 | B8: 0.09 | C8: 27.602138 | D8: 168.99145 | E8: 17.436105 | F8: 20.241568
A9: 255.07173 | B9: 0.12 | C9: 26.69715 | D9: 169.02162 | E9: 15.384798 | F9: 17.194774
A10: 245.07173 | B10: 0.15 | C10: 25.490499 | D10: 171.40475 | E10: 14.630641 | F10: 14.178147
A11: 235.07173 | B11: 0.2 | C11: 24.193349 | D11: 173.30523 | E11: 14.509976 | F11: 11.463183
A12: 225.07173 | B12: 0.26 | C12: 22.715202 | D12: 175.71853 | E12: 12.880998 | F12: 9.2308789
A13: 215.07173 | B13: 0.4 | C13: 19.758907 | D13: 177.01568 | E13: 10.588361 | F13: 6.908076
... A16: 185.07173 | B16: 1.86 | C16: 11.071021 | D16: 176.08052 | E16: 3.7104513 | F16: 2.5942993
