Workbook

Sheet Summary
A1: e(mm) | B1: F (N) | D1: L_bi (mm) | F1: L_li (mm) | H1: L_bo (mm) | J1: R_bi (mm)
B2: ave | C2: std | D2: ave | E2: std | F2: ave | G2: std | H2: ave | I2: std | J2: ave | K2: std
A3: =AVERAGE('60lb(ni=2,no=1)_T2 Marke'!A2,'60lb(ni=2,no=1_T1)'!A2,'60lb(ni=2,no=1_T3)'!A2) -> 442.25856 | B3: =AVERAGE('60lb(ni=2,no=1)_T2 Marke'!B2,'60lb(ni=2,no=1_T1)'!B2,'60lb(ni=2,no=1_T3)'!B2) -> 0 | C3: =_xlfn.STDEV.P('60lb(ni=2,no=1)_T2 Marke'!B2,'60lb(ni=2,no=1_T1)'!B2,'60lb(ni=2,no=1_T3)'!B2) -> 0 | D3: =AVERAGE('60lb(ni=2,no=1)_T2 Marke'!C2,'60lb(ni=2,no=1_T1)'!C2,'60lb(ni=2,no=1_T3)'!C2) -> 46.430225 | E3: =_xlfn.STDEV.P('60lb(ni=2,no=1)_T2 Marke'!C2,'60lb(ni=2,no=1_T1)'!C2,'60lb(ni=2,no=1_T3)'!C2) -> 6.2923866 | F3: =AVERAGE('60lb(ni=2,no=1)_T2 Marke'!D2,'60lb(ni=2,no=1_T1)'!D2,'60lb(ni=2,no=1_T3)'!D2) -> 203.72567 | G3: =_xlfn.STDEV.P('60lb(ni=2,no=1)_T2 Marke'!D2,'60lb(ni=2,no=1_T1)'!D2,'60lb(ni=2,no=1_T3)'!D2) -> 40.351972 | H3: =AVERAGE('60lb(ni=2,no=1)_T2 Marke'!E2,'60lb(ni=2,no=1_T1)'!E2,'60lb(ni=2,no=1_T3)'!E2) -> 37.244216 | I3: =_xlfn.STDEV.P('60lb(ni=2,no=1)_T2 Marke'!E2,'60lb(ni=2,no=1_T1)'!E2,'60lb(ni=2,no=1_T3)'!E2) -> 6.5576277 | J3: =AVERAGE('60lb(ni=2,no=1)_T2 Marke'!F2,'60lb(ni=2,no=1_T1)'!F2,'60lb(ni=2,no=1_T3)'!F2) -> 209.22007 | K3: =_xlfn.STDEV.P('60lb(ni=2,no=1)_T2 Marke'!F2,'60lb(ni=2,no=1_T1)'!F2,'60lb(ni=2,no=1_T3)'!F2) -> 25.329846
A4: =AVERAGE('60lb(ni=2,no=1)_T2 Marke'!A3,'60lb(ni=2,no=1_T1)'!A3,'60lb(ni=2,no=1_T3)'!A3) -> 432.25856 | B4: =AVERAGE('60lb(ni=2,no=1)_T2 Marke'!B3,'60lb(ni=2,no=1_T1)'!B3,'60lb(ni=2,no=1_T3)'!B3) -> 0.02 | C4: =_xlfn.STDEV.P('60lb(ni=2,no=1)_T2 Marke'!B3,'60lb(ni=2,no=1_T1)'!B3,'60lb(ni=2,no=1_T3)'!B3) -> 0.016329932 | D4: =AVERAGE('60lb(ni=2,no=1)_T2 Marke'!C3,'60lb(ni=2,no=1_T1)'!C3,'60lb(ni=2,no=1_T3)'!C3) -> 45.45582 | E4: =_xlfn.STDEV.P('60lb(ni=2,no=1)_T2 Marke'!C3,'60lb(ni=2,no=1_T1)'!C3,'60lb(ni=2,no=1_T3)'!C3) -> 6.1932141 | F4: =AVERAGE('60lb(ni=2,no=1)_T2 Marke'!D3,'60lb(ni=2,no=1_T1)'!D3,'60lb(ni=2,no=1_T3)'!D3) -> 205.02342 | G4: =_xlfn.STDEV.P('60lb(ni=2,no=1)_T2 Marke'!D3,'60lb(ni=2,no=1_T1)'!D3,'60lb(ni=2,no=1_T3)'!D3) -> 40.791513 | H4: =AVERAGE('60lb(ni=2,no=1)_T2 Marke'!E3,'60lb(ni=2,no=1_T1)'!E3,'60lb(ni=2,no=1_T3)'!E3) -> 34.757389 | I4: =_xlfn.STDEV.P('60lb(ni=2,no=1)_T2 Marke'!E3,'60lb(ni=2,no=1_T1)'!E3,'60lb(ni=2,no=1_T3)'!E3) -> 4.8450634 | J4: =AVERAGE('60lb(ni=2,no=1)_T2 Marke'!F3,'60lb(ni=2,no=1_T1)'!F3,'60lb(ni=2,no=1_T3)'!F3) -> 180.67904 | K4: =_xlfn.STDEV.P('60lb(ni=2,no=1)_T2 Marke'!F3,'60lb(ni=2,no=1_T1)'!F3,'60lb(ni=2,no=1_T3)'!F3) -> 23.834043
A5: =AVERAGE('60lb(ni=2,no=1)_T2 Marke'!A4,'60lb(ni=2,no=1_T1)'!A4,'60lb(ni=2,no=1_T3)'!A4) -> 422.25856 | B5: =AVERAGE('60lb(ni=2,no=1)_T2 Marke'!B4,'60lb(ni=2,no=1_T1)'!B4,'60lb(ni=2,no=1_T3)'!B4) -> 0.056666667 | C5: =_xlfn.STDEV.P('60lb(ni=2,no=1)_T2 Marke'!B4,'60lb(ni=2,no=1_T1)'!B4,'60lb(ni=2,no=1_T3)'!B4) -> 0.0601849 | D5: =AVERAGE('60lb(ni=2,no=1)_T2 Marke'!C4,'60lb(ni=2,no=1_T1)'!C4,'60lb(ni=2,no=1_T3)'!C4) -> 45.65421 | E5: =_xlfn.STDEV.P('60lb(ni=2,no=1)_T2 Marke'!C4,'60lb(ni=2,no=1_T1)'!C4,'60lb(ni=2,no=1_T3)'!C4) -> 5.8928012 | F5: =AVERAGE('60lb(ni=2,no=1)_T2 Marke'!D4,'60lb(ni=2,no=1_T1)'!D4,'60lb(ni=2,no=1_T3)'!D4) -> 203.72585 | G5: =_xlfn.STDEV.P('60lb(ni=2,no=1)_T2 Marke'!D4,'60lb(ni=2,no=1_T1)'!D4,'60lb(ni=2,no=1_T3)'!D4) -> 41.032192 | H5: =AVERAGE('60lb(ni=2,no=1)_T2 Marke'!E4,'60lb(ni=2,no=1_T1)'!E4,'60lb(ni=2,no=1_T3)'!E4) -> 33.321816 | I5: =_xlfn.STDEV.P('60lb(ni=2,no=1)_T2 Marke'!E4,'60lb(ni=2,no=1_T1)'!E4,'60lb(ni=2,no=1_T3)'!E4) -> 3.8081194 | J5: =AVERAGE('60lb(ni=2,no=1)_T2 Marke'!F4,'60lb(ni=2,no=1_T1)'!F4,'60lb(ni=2,no=1_T3)'!F4) -> 164.97953 | K5: =_xlfn.STDEV.P('60lb(ni=2,no=1)_T2 Marke'!F4,'60lb(ni=2,no=1_T1)'!F4,'60lb(ni=2,no=1_T3)'!F4) -> 10.645669
A6: =AVERAGE('60lb(ni=2,no=1)_T2 Marke'!A5,'60lb(ni=2,no=1_T1)'!A5,'60lb(ni=2,no=1_T3)'!A5) -> 412.25856 | B6: =AVERAGE('60lb(ni=2,no=1)_T2 Marke'!B5,'60lb(ni=2,no=1_T1)'!B5,'60lb(ni=2,no=1_T3)'!B5) -> 0.073333333 | C6: =_xlfn.STDEV.P('60lb(ni=2,no=1)_T2 Marke'!B5,'60lb(ni=2,no=1_T1)'!B5,'60lb(ni=2,no=1_T3)'!B5) -> 0.071336449 | D6: =AVERAGE('60lb(ni=2,no=1)_T2 Marke'!C5,'60lb(ni=2,no=1_T1)'!C5,'60lb(ni=2,no=1_T3)'!C5) -> 45.411398 | E6: =_xlfn.STDEV.P('60lb(ni=2,no=1)_T2 Marke'!C5,'60lb(ni=2,no=1_T1)'!C5,'60lb(ni=2,no=1_T3)'!C5) -> 6.0031759 | F6: =AVERAGE('60lb(ni=2,no=1)_T2 Marke'!D5,'60lb(ni=2,no=1_T1)'!D5,'60lb(ni=2,no=1_T3)'!D5) -> 203.62554 | G6: =_xlfn.STDEV.P('60lb(ni=2,no=1)_T2 Marke'!D5,'60lb(ni=2,no=1_T1)'!D5,'60lb(ni=2,no=1_T3)'!D5) -> 40.260093 | H6: =AVERAGE('60lb(ni=2,no=1)_T2 Marke'!E5,'60lb(ni=2,no=1_T1)'!E5,'60lb(ni=2,no=1_T3)'!E5) -> 32.884362 | I6: =_xlfn.STDEV.P('60lb(ni=2,no=1)_T2 Marke'!E5,'60lb(ni=2,no=1_T1)'!E5,'60lb(ni=2,no=1_T3)'!E5) -> 3.7123944 | J6: =AVERAGE('60lb(ni=2,no=1)_T2 Marke'!F5,'60lb(ni=2,no=1_T1)'!F5,'60lb(ni=2,no=1_T3)'!F5) -> 134.82752 | K6: =_xlfn.STDEV.P('60lb(ni=2,no=1)_T2 Marke'!F5,'60lb(ni=2,no=1_T1)'!F5,'60lb(ni=2,no=1_T3)'!F5) -> 11.089115
A7: =AVERAGE('60lb(ni=2,no=1)_T2 Marke'!A6,'60lb(ni=2,no=1_T1)'!A6,'60lb(ni=2,no=1_T3)'!A6) -> 402.25856 | B7: =AVERAGE('60lb(ni=2,no=1)_T2 Marke'!B6,'60lb(ni=2,no=1_T1)'!B6,'60lb(ni=2,no=1_T3)'!B6) -> 0.08 | C7: =_xlfn.STDEV.P('60lb(ni=2,no=1)_T2 Marke'!B6,'60lb(ni=2,no=1_T1)'!B6,'60lb(ni=2,no=1_T3)'!B6) -> 0.080415587 | D7: =AVERAGE('60lb(ni=2,no=1)_T2 Marke'!C6,'60lb(ni=2,no=1_T1)'!C6,'60lb(ni=2,no=1_T3)'!C6) -> 44.863387 | E7: =_xlfn.STDEV.P('60lb(ni=2,no=1)_T2 Marke'!C6,'60lb(ni=2,no=1_T1)'!C6,'60lb(ni=2,no=1_T3)'!C6) -> 6.4036057 | F7: =AVERAGE('60lb(ni=2,no=1)_T2 Marke'!D6,'60lb(ni=2,no=1_T1)'!D6,'60lb(ni=2,no=1_T3)'!D6) -> 204.11901 | G7: =_xlfn.STDEV.P('60lb(ni=2,no=1)_T2 Marke'!D6,'60lb(ni=2,no=1_T1)'!D6,'60lb(ni=2,no=1_T3)'!D6) -> 40.479505 | H7: =AVERAGE('60lb(ni=2,no=1)_T2 Marke'!E6,'60lb(ni=2,no=1_T1)'!E6,'60lb(ni=2,no=1_T3)'!E6) -> 32.386165 | I7: =_xlfn.STDEV.P('60lb(ni=2,no=1)_T2 Marke'!E6,'60lb(ni=2,no=1_T1)'!E6,'60lb(ni=2,no=1_T3)'!E6) -> 3.8300576 | J7: =AVERAGE('60lb(ni=2,no=1)_T2 Marke'!F6,'60lb(ni=2,no=1_T1)'!F6,'60lb(ni=2,no=1_T3)'!F6) -> 101.74005 | K7: =_xlfn.STDEV.P('60lb(ni=2,no=1)_T2 Marke'!F6,'60lb(ni=2,no=1_T1)'!F6,'60lb(ni=2,no=1_T3)'!F6) -> 19.392097
A8: =AVERAGE('60lb(ni=2,no=1)_T2 Marke'!A7,'60lb(ni=2,no=1_T1)'!A7,'60lb(ni=2,no=1_T3)'!A7) -> 392.25856 | B8: =AVERAGE('60lb(ni=2,no=1)_T2 Marke'!B7,'60lb(ni=2,no=1_T1)'!B7,'60lb(ni=2,no=1_T3)'!B7) -> 0.086666667 | C8: =_xlfn.STDEV.P('60lb(ni=2,no=1)_T2 Marke'!B7,'60lb(ni=2,no=1_T1)'!B7,'60lb(ni=2,no=1_T3)'!B7) -> 0.078457349 | D8: =AVERAGE('60lb(ni=2,no=1)_T2 Marke'!C7,'60lb(ni=2,no=1_T1)'!C7,'60lb(ni=2,no=1_T3)'!C7) -> 44.242796 | E8: =_xlfn.STDEV.P('60lb(ni=2,no=1)_T2 Marke'!C7,'60lb(ni=2,no=1_T1)'!C7,'60lb(ni=2,no=1_T3)'!C7) -> 6.5808592 | F8: =AVERAGE('60lb(ni=2,no=1)_T2 Marke'!D7,'60lb(ni=2,no=1_T1)'!D7,'60lb(ni=2,no=1_T3)'!D7) -> 204.91245 | G8: =_xlfn.STDEV.P('60lb(ni=2,no=1)_T2 Marke'!D7,'60lb(ni=2,no=1_T1)'!D7,'60lb(ni=2,no=1_T3)'!D7) -> 40.128602 | H8: =AVERAGE('60lb(ni=2,no=1)_T2 Marke'!E7,'60lb(ni=2,no=1_T1)'!E7,'60lb(ni=2,no=1_T3)'!E7) -> 32.166585 | I8: =_xlfn.STDEV.P('60lb(ni=2,no=1)_T2 Marke'!E7,'60lb(ni=2,no=1_T1)'!E7,'60lb(ni=2,no=1_T3)'!E7) -> 3.8974581 | J8: =AVERAGE('60lb(ni=2,no=1)_T2 Marke'!F7,'60lb(ni=2,no=1_T1)'!F7,'60lb(ni=2,no=1_T3)'!F7) -> 84.53469 | K8: =_xlfn.STDEV.P('60lb(ni=2,no=1)_T2 Marke'!F7,'60lb(ni=2,no=1_T1)'!F7,'60lb(ni=2,no=1_T3)'!F7) -> 13.126053
A9: =AVERAGE('60lb(ni=2,no=1)_T2 Marke'!A8,'60lb(ni=2,no=1_T1)'!A8,'60lb(ni=2,no=1_T3)'!A8) -> 382.25856 | B9: =AVERAGE('60lb(ni=2,no=1)_T2 Marke'!B8,'60lb(ni=2,no=1_T1)'!B8,'60lb(ni=2,no=1_T3)'!B8) -> 0.11666667 | C9: =_xlfn.STDEV.P('60lb(ni=2,no=1)_T2 Marke'!B8,'60lb(ni=2,no=1_T1)'!B8,'60lb(ni=2,no=1_T3)'!B8) -> 0.11323525 | D9: =AVERAGE('60lb(ni=2,no=1)_T2 Marke'!C8,'60lb(ni=2,no=1_T1)'!C8,'60lb(ni=2,no=1_T3)'!C8) -> 43.396111 | E9: =_xlfn.STDEV.P('60lb(ni=2,no=1)_T2 Marke'!C8,'60lb(ni=2,no=1_T1)'!C8,'60lb(ni=2,no=1_T3)'!C8) -> 6.234839 | F9: =AVERAGE('60lb(ni=2,no=1)_T2 Marke'!D8,'60lb(ni=2,no=1_T1)'!D8,'60lb(ni=2,no=1_T3)'!D8) -> 206.06095 | G9: =_xlfn.STDEV.P('60lb(ni=2,no=1)_T2 Marke'!D8,'60lb(ni=2,no=1_T1)'!D8,'60lb(ni=2,no=1_T3)'!D8) -> 40.358305 | H9: =AVERAGE('60lb(ni=2,no=1)_T2 Marke'!E8,'60lb(ni=2,no=1_T1)'!E8,'60lb(ni=2,no=1_T3)'!E8) -> 31.089965 | I9: =_xlfn.STDEV.P('60lb(ni=2,no=1)_T2 Marke'!E8,'60lb(ni=2,no=1_T1)'!E8,'60lb(ni=2,no=1_T3)'!E8) -> 4.022562 | J9: =AVERAGE('60lb(ni=2,no=1)_T2 Marke'!F8,'60lb(ni=2,no=1_T1)'!F8,'60lb(ni=2,no=1_T3)'!F8) -> 73.459866 | K9: =_xlfn.STDEV.P('60lb(ni=2,no=1)_T2 Marke'!F8,'60lb(ni=2,no=1_T1)'!F8,'60lb(ni=2,no=1_T3)'!F8) -> 15.501685
A10: =AVERAGE('60lb(ni=2,no=1)_T2 Marke'!A9,'60lb(ni=2,no=1_T1)'!A9,'60lb(ni=2,no=1_T3)'!A9) -> 372.25856 | B10: =AVERAGE('60lb(ni=2,no=1)_T2 Marke'!B9,'60lb(ni=2,no=1_T1)'!B9,'60lb(ni=2,no=1_T3)'!B9) -> 0.13666667 | C10: =_xlfn.STDEV.P('60lb(ni=2,no=1)_T2 Marke'!B9,'60lb(ni=2,no=1_T1)'!B9,'60lb(ni=2,no=1_T3)'!B9) -> 0.13474255 | D10: =AVERAGE('60lb(ni=2,no=1)_T2 Marke'!C9,'60lb(ni=2,no=1_T1)'!C9,'60lb(ni=2,no=1_T3)'!C9) -> 41.891056 | E10: =_xlfn.STDEV.P('60lb(ni=2,no=1)_T2 Marke'!C9,'60lb(ni=2,no=1_T1)'!C9,'60lb(ni=2,no=1_T3)'!C9) -> 6.0299628 | F10: =AVERAGE('60lb(ni=2,no=1)_T2 Marke'!D9,'60lb(ni=2,no=1_T1)'!D9,'60lb(ni=2,no=1_T3)'!D9) -> 207.74472 | G10: =_xlfn.STDEV.P('60lb(ni=2,no=1)_T2 Marke'!D9,'60lb(ni=2,no=1_T1)'!D9,'60lb(ni=2,no=1_T3)'!D9) -> 40.855225 | H10: =AVERAGE('60lb(ni=2,no=1)_T2 Marke'!E9,'60lb(ni=2,no=1_T1)'!E9,'60lb(ni=2,no=1_T3)'!E9) -> 29.51153 | I10: =_xlfn.STDEV.P('60lb(ni=2,no=1)_T2 Marke'!E9,'60lb(ni=2,no=1_T1)'!E9,'60lb(ni=2,no=1_T3)'!E9) -> 4.015921 | J10: =AVERAGE('60lb(ni=2,no=1)_T2 Marke'!F9,'60lb(ni=2,no=1_T1)'!F9,'60lb(ni=2,no=1_T3)'!F9) -> 61.715794 | K10: =_xlfn.STDEV.P('60lb(ni=2,no=1)_T2 Marke'!F9,'60lb(ni=2,no=1_T1)'!F9,'60lb(ni=2,no=1_T3)'!F9) -> 18.218294
A11: =AVERAGE('60lb(ni=2,no=1)_T2 Marke'!A10,'60lb(ni=2,no=1_T1)'!A10,'60lb(ni=2,no=1_T3)'!A10) -> 362.25856 | B11: =AVERAGE('60lb(ni=2,no=1)_T2 Marke'!B10,'60lb(ni=2,no=1_T1)'!B10,'60lb(ni=2,no=1_T3)'!B10) -> 0.14666667 | C11: =_xlfn.STDEV.P('60lb(ni=2,no=1)_T2 Marke'!B10,'60lb(ni=2,no=1_T1)'!B10,'60lb(ni=2,no=1_T3)'!B10) -> 0.13474255 | D11: =AVERAGE('60lb(ni=2,no=1)_T2 Marke'!C10,'60lb(ni=2,no=1_T1)'!C10,'60lb(ni=2,no=1_T3)'!C10) -> 41.41301 | E11: =_xlfn.STDEV.P('60lb(ni=2,no=1)_T2 Marke'!C10,'60lb(ni=2,no=1_T1)'!C10,'60lb(ni=2,no=1_T3)'!C10) -> 6.4660367 | F11: =AVERAGE('60lb(ni=2,no=1)_T2 Marke'!D10,'60lb(ni=2,no=1_T1)'!D10,'60lb(ni=2,no=1_T3)'!D10) -> 208.07976 | G11: =_xlfn.STDEV.P('60lb(ni=2,no=1)_T2 Marke'!D10,'60lb(ni=2,no=1_T1)'!D10,'60lb(ni=2,no=1_T3)'!D10) -> 40.648019 | H11: =AVERAGE('60lb(ni=2,no=1)_T2 Marke'!E10,'60lb(ni=2,no=1_T1)'!E10,'60lb(ni=2,no=1_T3)'!E10) -> 27.593254 | I11: =_xlfn.STDEV.P('60lb(ni=2,no=1)_T2 Marke'!E10,'60lb(ni=2,no=1_T1)'!E10,'60lb(ni=2,no=1_T3)'!E10) -> 3.546908 | J11: =AVERAGE('60lb(ni=2,no=1)_T2 Marke'!F10,'60lb(ni=2,no=1_T1)'!F10,'60lb(ni=2,no=1_T3)'!F10) -> 52.930244 | K11: =_xlfn.STDEV.P('60lb(ni=2,no=1)_T2 Marke'!F10,'60lb(ni=2,no=1_T1)'!F10,'60lb(ni=2,no=1_T3)'!F10) -> 17.97638
A12: =AVERAGE('60lb(ni=2,no=1)_T2 Marke'!A11,'60lb(ni=2,no=1_T1)'!A11,'60lb(ni=2,no=1_T3)'!A11) -> 352.25856 | B12: =AVERAGE('60lb(ni=2,no=1)_T2 Marke'!B11,'60lb(ni=2,no=1_T1)'!B11,'60lb(ni=2,no=1_T3)'!B11) -> 0.22666667 | C12: =_xlfn.STDEV.P('60lb(ni=2,no=1)_T2 Marke'!B11,'60lb(ni=2,no=1_T1)'!B11,'60lb(ni=2,no=1_T3)'!B11) -> 0.18006172 | D12: =AVERAGE('60lb(ni=2,no=1)_T2 Marke'!C11,'60lb(ni=2,no=1_T1)'!C11,'60lb(ni=2,no=1_T3)'!C11) -> 39.749961 | E12: =_xlfn.STDEV.P('60lb(ni=2,no=1)_T2 Marke'!C11,'60lb(ni=2,no=1_T1)'!C11,'60lb(ni=2,no=1_T3)'!C11) -> 6.7092747 | F12: =AVERAGE('60lb(ni=2,no=1)_T2 Marke'!D11,'60lb(ni=2,no=1_T1)'!D11,'60lb(ni=2,no=1_T3)'!D11) -> 209.76443 | G12: =_xlfn.STDEV.P('60lb(ni=2,no=1)_T2 Marke'!D11,'60lb(ni=2,no=1_T1)'!D11,'60lb(ni=2,no=1_T3)'!D11) -> 40.097022 | H12: =AVERAGE('60lb(ni=2,no=1)_T2 Marke'!E11,'60lb(ni=2,no=1_T1)'!E11,'60lb(ni=2,no=1_T3)'!E11) -> 26.089107 | I12: =_xlfn.STDEV.P('60lb(ni=2,no=1)_T2 Marke'!E11,'60lb(ni=2,no=1_T1)'!E11,'60lb(ni=2,no=1_T3)'!E11) -> 3.7886218 | J12: =AVERAGE('60lb(ni=2,no=1)_T2 Marke'!F11,'60lb(ni=2,no=1_T1)'!F11,'60lb(ni=2,no=1_T3)'!F11) -> 44.797786 | K12: =_xlfn.STDEV.P('60lb(ni=2,no=1)_T2 Marke'!F11,'60lb(ni=2,no=1_T1)'!F11,'60lb(ni=2,no=1_T3)'!F11) -> 16.424831
A13: =AVERAGE('60lb(ni=2,no=1)_T2 Marke'!A12,'60lb(ni=2,no=1_T1)'!A12,'60lb(ni=2,no=1_T3)'!A12) -> 342.25856 | B13: =AVERAGE('60lb(ni=2,no=1)_T2 Marke'!B12,'60lb(ni=2,no=1_T1)'!B12,'60lb(ni=2,no=1_T3)'!B12) -> 0.25 | C13: =_xlfn.STDEV.P('60lb(ni=2,no=1)_T2 Marke'!B12,'60lb(ni=2,no=1_T1)'!B12,'60lb(ni=2,no=1_T3)'!B12) -> 0.17454703 | D13: =AVERAGE('60lb(ni=2,no=1)_T2 Marke'!C12,'60lb(ni=2,no=1_T1)'!C12,'60lb(ni=2,no=1_T3)'!C12) -> 38.752899 | E13: =_xlfn.STDEV.P('60lb(ni=2,no=1)_T2 Marke'!C12,'60lb(ni=2,no=1_T1)'!C12,'60lb(ni=2,no=1_T3)'!C12) -> 7.127802 | F13: =AVERAGE('60lb(ni=2,no=1)_T2 Marke'!D12,'60lb(ni=2,no=1_T1)'!D12,'60lb(ni=2,no=1_T3)'!D12) -> 210.89186 | G13: =_xlfn.STDEV.P('60lb(ni=2,no=1)_T2 Marke'!D12,'60lb(ni=2,no=1_T1)'!D12,'60lb(ni=2,no=1_T3)'!D12) -> 39.677033 | H13: =AVERAGE('60lb(ni=2,no=1)_T2 Marke'!E12,'60lb(ni=2,no=1_T1)'!E12,'60lb(ni=2,no=1_T3)'!E12) -> 25.108366 | I13: =_xlfn.STDEV.P('60lb(ni=2,no=1)_T2 Marke'!E12,'60lb(ni=2,no=1_T1)'!E12,'60lb(ni=2,no=1_T3)'!E12) -> 3.7652935 | J13: =AVERAGE('60lb(ni=2,no=1)_T2 Marke'!F12,'60lb(ni=2,no=1_T1)'!F12,'60lb(ni=2,no=1_T3)'!F12) -> 38.524888 | K13: =_xlfn.STDEV.P('60lb(ni=2,no=1)_T2 Marke'!F12,'60lb(ni=2,no=1_T1)'!F12,'60lb(ni=2,no=1_T3)'!F12) -> 17.281251
A14: =AVERAGE('60lb(ni=2,no=1)_T2 Marke'!A13,'60lb(ni=2,no=1_T1)'!A13,'60lb(ni=2,no=1_T3)'!A13) -> 332.25856 | B14: =AVERAGE('60lb(ni=2,no=1)_T2 Marke'!B13,'60lb(ni=2,no=1_T1)'!B13,'60lb(ni=2,no=1_T3)'!B13) -> 0.32333333 | C14: =_xlfn.STDEV.P('60lb(ni=2,no=1)_T2 Marke'!B13,'60lb(ni=2,no=1_T1)'!B13,'60lb(ni=2,no=1_T3)'!B13) -> 0.22573337 | D14: =AVERAGE('60lb(ni=2,no=1)_T2 Marke'!C13,'60lb(ni=2,no=1_T1)'!C13,'60lb(ni=2,no=1_T3)'!C13) -> 37.596869 | E14: =_xlfn.STDEV.P('60lb(ni=2,no=1)_T2 Marke'!C13,'60lb(ni=2,no=1_T1)'!C13,'60lb(ni=2,no=1_T3)'!C13) -> 7.7418319 | F14: =AVERAGE('60lb(ni=2,no=1)_T2 Marke'!D13,'60lb(ni=2,no=1_T1)'!D13,'60lb(ni=2,no=1_T3)'!D13) -> 211.24826 | G14: =_xlfn.STDEV.P('60lb(ni=2,no=1)_T2 Marke'!D13,'60lb(ni=2,no=1_T1)'!D13,'60lb(ni=2,no=1_T3)'!D13) -> 40.352358 | H14: =AVERAGE('60lb(ni=2,no=1)_T2 Marke'!E13,'60lb(ni=2,no=1_T1)'!E13,'60lb(ni=2,no=1_T3)'!E13) -> 23.312168 | I14: =_xlfn.STDEV.P('60lb(ni=2,no=1)_T2 Marke'!E13,'60lb(ni=2,no=1_T1)'!E13,'60lb(ni=2,no=1_T3)'!E13) -> 4.7240273 | J14: =AVERAGE('60lb(ni=2,no=1)_T2 Marke'!F13,'60lb(ni=2,no=1_T1)'!F13,'60lb(ni=2,no=1_T3)'!F13) -> 33.283969 | K14: =_xlfn.STDEV.P('60lb(ni=2,no=1)_T2 Marke'!F13,'60lb(ni=2,no=1_T1)'!F13,'60lb(ni=2,no=1_T3)'!F13) -> 15.792606
... A20: =AVERAGE('60lb(ni=2,no=1)_T2 Marke'!A19,'60lb(ni=2,no=1_T1)'!A19,'60lb(ni=2,no=1_T3)'!A19) -> 272.25856 | B20: =AVERAGE('60lb(ni=2,no=1)_T2 Marke'!B19,'60lb(ni=2,no=1_T1)'!B19,'60lb(ni=2,no=1_T3)'!B19) -> 1.69 | C20: =_xlfn.STDEV.P('60lb(ni=2,no=1)_T2 Marke'!B19,'60lb(ni=2,no=1_T1)'!B19,'60lb(ni=2,no=1_T3)'!B19) -> 1.5398701 | D20: =AVERAGE('60lb(ni=2,no=1)_T2 Marke'!C19,'60lb(ni=2,no=1_T1)'!C19,'60lb(ni=2,no=1_T3)'!C19) -> 28.068986 | E20: =_xlfn.STDEV.P('60lb(ni=2,no=1)_T2 Marke'!C19,'60lb(ni=2,no=1_T1)'!C19,'60lb(ni=2,no=1_T3)'!C19) -> 10.89663 | F20: =AVERAGE('60lb(ni=2,no=1)_T2 Marke'!D19,'60lb(ni=2,no=1_T1)'!D19,'60lb(ni=2,no=1_T3)'!D19) -> 223.20343 | G20: =_xlfn.STDEV.P('60lb(ni=2,no=1)_T2 Marke'!D19,'60lb(ni=2,no=1_T1)'!D19,'60lb(ni=2,no=1_T3)'!D19) -> 41.416275 | H20: =AVERAGE('60lb(ni=2,no=1)_T2 Marke'!E19,'60lb(ni=2,no=1_T1)'!E19,'60lb(ni=2,no=1_T3)'!E19) -> 15.853671 | I20: =_xlfn.STDEV.P('60lb(ni=2,no=1)_T2 Marke'!E19,'60lb(ni=2,no=1_T1)'!E19,'60lb(ni=2,no=1_T3)'!E19) -> 7.0611066 | J20: =AVERAGE('60lb(ni=2,no=1)_T2 Marke'!F19,'60lb(ni=2,no=1_T1)'!F19,'60lb(ni=2,no=1_T3)'!F19) -> 15.252333 | K20: =_xlfn.STDEV.P('60lb(ni=2,no=1)_T2 Marke'!F19,'60lb(ni=2,no=1_T1)'!F19,'60lb(ni=2,no=1_T3)'!F19) -> 11.009379

Sheet 60lb(ni=2,no=1)_T2 Marke
A1: e(mm) | B1: F (N) | C1: L_bi (mm) | D1: L_li (mm) | E1: L_bo (mm) | F1: R_bi (mm)
A2: 556.1 | B2: 0 | C2: 53.672375 | D2: 253.26139 | E2: 45.301454 | F2: 234.54992
A3: 546.1 | B3: 0.02 | C3: 53.344103 | D3: 255.55929 | E3: 39.884976 | F3: 204.51309
A4: 536.1 | B4: 0.03 | C4: 52.851696 | D4: 253.91793 | E4: 37.258805 | F4: 175.6252
A5: 526.1 | B5: 0.05 | C5: 52.523425 | D5: 253.26139 | E5: 36.766397 | F5: 145.91664
A6: 516.1 | B6: 0.05 | C6: 52.359289 | D6: 253.91793 | E6: 36.438126 | F6: 121.13215
A7: 506.1 | B7: 0.07 | C7: 52.195153 | D7: 254.41034 | E7: 36.27399 | F7: 97.660743
A8: 496.1 | B8: 0.08 | C8: 50.553796 | D8: 254.90275 | E8: 34.960905 | F8: 88.961551
A9: 486.1 | B9: 0.09 | C9: 49.568982 | D9: 256.87237 | E9: 34.304362 | F9: 79.934087
A10: 476.1 | B10: 0.1 | C10: 49.404847 | D10: 257.03651 | E10: 32.006462 | F10: 70.906624
A11: 466.1 | B11: 0.17 | C11: 48.091761 | D11: 257.52892 | E11: 31.185784 | F11: 61.222617
A12: 456.1 | B12: 0.18 | C12: 48.091761 | D12: 257.69305 | E12: 30.200969 | F12: 55.806139
A13: 446.1 | B13: 0.2 | C13: 47.435218 | D13: 259.17027 | E13: 29.708562 | F13: 49.076575
... A25: 326.1 | B25: 1.81 | C25: 25.112763 | D25: 293.88498 | E25: 14.11567 | F25: 8.2067851
A26: 316.1 | B26: 2.97 | C26: 21.501777 | D26: 297.21693 | E26: 11.981906

Sheet 60lb(ni=2,no=1_T1)
A1: e(mm) | B1: F (N) | C1: L_bi (mm) | D1: L_li (mm) | E1: L_bo (mm) | F1: R_bi (mm)
A2: 434.27 | B2: 0 | C2: 47.287391 | D2: 203.49518 | E2: 37.19233
A3: 424.27 | B3: 0 | C3: 44.807902 | D3: 203.84939 | E3: 36.129692
A4: 414.27 | B4: 0 | C4: 45.693434 | D4: 203.84939 | E4: 34.535735
A5: 404.27 | B5: 0 | C5: 45.87054 | D5: 202.96386 | E5: 34.004416
A6: 394.27 | B6: 0 | C6: 45.516328 | D6: 203.67228 | E6: 33.473097
A7: 384.27 | B7: 0 | C7: 44.45369 | D7: 204.2036 | E7: 33.295991
A8: 374.27 | B8: 0 | C8: 44.276583 | D8: 207.21441 | E8: 32.764672
A9: 364.27 | B9: 0 | C9: 41.265776 | D9: 209.51679 | E9: 29.753864
A10: 354.27 | B10: 0.01 | C10: 41.265776 | D10: 209.6939 | E10: 27.451482
A11: 344.27 | B11: 0.04 | C11: 39.494712 | D11: 212.35049 | E11: 24.971993
A12: 334.27 | B12: 0.08 | C12: 37.369436 | D12: 214.29866 | E12: 23.909355
A13: 324.27 | B13: 0.13 | C13: 36.838117 | D13: 214.12156 | E13: 21.784079
... A24: 214.27 | B24: 4.29 | C24: 12.869727 | D24: 227.58164 | E24: 5.6674027

Sheet 60lb(ni=2,no=1_T3)
A1: e(mm) | B1: F (N) | C1: L_bi (mm) | D1: L_li (mm) | E1: L_bo (mm) | F1: R_bi (mm)
A2: 336.40568 | B2: 0 | C2: 38.330909 | D2: 154.42045 | E2: 29.238864 | F2: 183.89023
A3: 326.40568 | B3: 0.04 | C3: 38.215455 | D3: 155.66159 | E3: 28.2575 | F3: 156.845
A4: 316.40568 | B4: 0.14 | C4: 38.4175 | D4: 153.41023 | E4: 28.170909 | F4: 154.33386
A5: 306.40568 | B5: 0.17 | C5: 37.840227 | D5: 154.65136 | E5: 27.882273 | F5: 123.73841
A6: 296.40568 | B6: 0.19 | C6: 36.714545 | D6: 154.76682 | E6: 27.247273 | F6: 82.347955
A7: 286.40568 | B7: 0.19 | C7: 36.079545 | D7: 156.12341 | E7: 26.929773 | F7: 71.408636
A8: 276.40568 | B8: 0.27 | C8: 35.357955 | D8: 156.06568 | E8: 25.544318 | F8: 57.958182
A9: 266.40568 | B9: 0.32 | C9: 34.838409 | D9: 156.845 | E9: 24.476364 | F9: 43.4975
A10: 256.40568 | B10: 0.33 | C10: 33.568409 | D10: 157.50886 | E10: 23.321818 | F10: 34.953864
A11: 246.40568 | B11: 0.47 | C11: 31.663409 | D11: 159.41386 | E11: 22.109545 | F11: 28.372955
A12: 236.40568 | B12: 0.49 | C12: 30.7975 | D12: 160.68386 | E12: 21.214773 | F12: 21.243636
A13: 226.40568 | B13: 0.64 | C13: 28.517273 | D13: 160.45295 | E13: 18.443864 | F13: 17.491364
... A19: 166.40568 | B19: 3.85 | C19: 16.1925 | D19: 169.97795 | E19: 7.7354545 | F19: 4.2429545
