Workbook

Sheet Summary
A1: e(mm) | B1: F (N) | D1: L_bi (mm) | F1: L_li (mm) | H1: L_bo (mm) | J1: R_bi (mm)
B2: ave | C2: std | D2: ave | E2: std | F2: ave | G2: std | H2: ave | I2: std | J2: ave | K2: std
A3: =AVERAGE('30lb(ni=1,no=1)_T1 Marke'!A2,'30lb(ni=1,no=1_T2)'!A2,'30lb(ni=1,no=1_T3)'!A2) -> 318.74324 | B3: =AVERAGE('30lb(ni=1,no=1)_T1 Marke'!B2,'30lb(ni=1,no=1_T2)'!B2,'30lb(ni=1,no=1_T3)'!B2) -> 0 | C3: =_xlfn.STDEV.P('30lb(ni=1,no=1)_T1 Marke'!B2,'30lb(ni=1,no=1_T2)'!B2,'30lb(ni=1,no=1_T3)'!B2) -> 0 | D3: =AVERAGE('30lb(ni=1,no=1)_T1 Marke'!C2,'30lb(ni=1,no=1_T2)'!C2,'30lb(ni=1,no=1_T3)'!C2) -> 19.276171 | E3: =_xlfn.STDEV.P('30lb(ni=1,no=1)_T1 Marke'!C2,'30lb(ni=1,no=1_T2)'!C2,'30lb(ni=1,no=1_T3)'!C2) -> 1.0997618 | F3: =AVERAGE('30lb(ni=1,no=1)_T1 Marke'!D2,'30lb(ni=1,no=1_T2)'!D2,'30lb(ni=1,no=1_T3)'!D2) -> 171.89189 | G3: =_xlfn.STDEV.P('30lb(ni=1,no=1)_T1 Marke'!D2,'30lb(ni=1,no=1_T2)'!D2,'30lb(ni=1,no=1_T3)'!D2) -> 27.476446 | H3: =AVERAGE('30lb(ni=1,no=1)_T1 Marke'!E2,'30lb(ni=1,no=1_T2)'!E2,'30lb(ni=1,no=1_T3)'!E2) -> 23.005058 | I3: =_xlfn.STDEV.P('30lb(ni=1,no=1)_T1 Marke'!E2,'30lb(ni=1,no=1_T2)'!E2,'30lb(ni=1,no=1_T3)'!E2) -> 3.463 | J3: =AVERAGE('30lb(ni=1,no=1)_T1 Marke'!F2,'30lb(ni=1,no=1_T2)'!F2,'30lb(ni=1,no=1_T3)'!F2) -> 73.185686 | K3: =_xlfn.STDEV.P('30lb(ni=1,no=1)_T1 Marke'!F2,'30lb(ni=1,no=1_T2)'!F2,'30lb(ni=1,no=1_T3)'!F2) -> 8.7256587
A4: =AVERAGE('30lb(ni=1,no=1)_T1 Marke'!A3,'30lb(ni=1,no=1_T2)'!A3,'30lb(ni=1,no=1_T3)'!A3) -> 308.74324 | B4: =AVERAGE('30lb(ni=1,no=1)_T1 Marke'!B3,'30lb(ni=1,no=1_T2)'!B3,'30lb(ni=1,no=1_T3)'!B3) -> 0.026666667 | C4: =_xlfn.STDEV.P('30lb(ni=1,no=1)_T1 Marke'!B3,'30lb(ni=1,no=1_T2)'!B3,'30lb(ni=1,no=1_T3)'!B3) -> 0.0047140452 | D4: =AVERAGE('30lb(ni=1,no=1)_T1 Marke'!C3,'30lb(ni=1,no=1_T2)'!C3,'30lb(ni=1,no=1_T3)'!C3) -> 18.476341 | E4: =_xlfn.STDEV.P('30lb(ni=1,no=1)_T1 Marke'!C3,'30lb(ni=1,no=1_T2)'!C3,'30lb(ni=1,no=1_T3)'!C3) -> 1.3788761 | F4: =AVERAGE('30lb(ni=1,no=1)_T1 Marke'!D3,'30lb(ni=1,no=1_T2)'!D3,'30lb(ni=1,no=1_T3)'!D3) -> 172.05309 | G4: =_xlfn.STDEV.P('30lb(ni=1,no=1)_T1 Marke'!D3,'30lb(ni=1,no=1_T2)'!D3,'30lb(ni=1,no=1_T3)'!D3) -> 27.533061 | H4: =AVERAGE('30lb(ni=1,no=1)_T1 Marke'!E3,'30lb(ni=1,no=1_T2)'!E3,'30lb(ni=1,no=1_T3)'!E3) -> 21.513644 | I4: =_xlfn.STDEV.P('30lb(ni=1,no=1)_T1 Marke'!E3,'30lb(ni=1,no=1_T2)'!E3,'30lb(ni=1,no=1_T3)'!E3) -> 3.572916 | J4: =AVERAGE('30lb(ni=1,no=1)_T1 Marke'!F3,'30lb(ni=1,no=1_T2)'!F3,'30lb(ni=1,no=1_T3)'!F3) -> 60.703288 | K4: =_xlfn.STDEV.P('30lb(ni=1,no=1)_T1 Marke'!F3,'30lb(ni=1,no=1_T2)'!F3,'30lb(ni=1,no=1_T3)'!F3) -> 5.6256034
A5: =AVERAGE('30lb(ni=1,no=1)_T1 Marke'!A4,'30lb(ni=1,no=1_T2)'!A4,'30lb(ni=1,no=1_T3)'!A4) -> 298.74324 | B5: =AVERAGE('30lb(ni=1,no=1)_T1 Marke'!B4,'30lb(ni=1,no=1_T2)'!B4,'30lb(ni=1,no=1_T3)'!B4) -> 0.033333333 | C5: =_xlfn.STDEV.P('30lb(ni=1,no=1)_T1 Marke'!B4,'30lb(ni=1,no=1_T2)'!B4,'30lb(ni=1,no=1_T3)'!B4) -> 0.012472191 | D5: =AVERAGE('30lb(ni=1,no=1)_T1 Marke'!C4,'30lb(ni=1,no=1_T2)'!C4,'30lb(ni=1,no=1_T3)'!C4) -> 17.871569 | E5: =_xlfn.STDEV.P('30lb(ni=1,no=1)_T1 Marke'!C4,'30lb(ni=1,no=1_T2)'!C4,'30lb(ni=1,no=1_T3)'!C4) -> 1.4071619 | F5: =AVERAGE('30lb(ni=1,no=1)_T1 Marke'!D4,'30lb(ni=1,no=1_T2)'!D4,'30lb(ni=1,no=1_T3)'!D4) -> 172.49288 | G5: =_xlfn.STDEV.P('30lb(ni=1,no=1)_T1 Marke'!D4,'30lb(ni=1,no=1_T2)'!D4,'30lb(ni=1,no=1_T3)'!D4) -> 27.222989 | H5: =AVERAGE('30lb(ni=1,no=1)_T1 Marke'!E4,'30lb(ni=1,no=1_T2)'!E4,'30lb(ni=1,no=1_T3)'!E4) -> 20.545634 | I5: =_xlfn.STDEV.P('30lb(ni=1,no=1)_T1 Marke'!E4,'30lb(ni=1,no=1_T2)'!E4,'30lb(ni=1,no=1_T3)'!E4) -> 3.1930815 | J5: =AVERAGE('30lb(ni=1,no=1)_T1 Marke'!F4,'30lb(ni=1,no=1_T2)'!F4,'30lb(ni=1,no=1_T3)'!F4) -> 45.960935 | K5: =_xlfn.STDEV.P('30lb(ni=1,no=1)_T1 Marke'!F4,'30lb(ni=1,no=1_T2)'!F4,'30lb(ni=1,no=1_T3)'!F4) -> 3.539109
A6: =AVERAGE('30lb(ni=1,no=1)_T1 Marke'!A5,'30lb(ni=1,no=1_T2)'!A5,'30lb(ni=1,no=1_T3)'!A5) -> 288.74324 | B6: =AVERAGE('30lb(ni=1,no=1)_T1 Marke'!B5,'30lb(ni=1,no=1_T2)'!B5,'30lb(ni=1,no=1_T3)'!B5) -> 0.043333333 | C6: =_xlfn.STDEV.P('30lb(ni=1,no=1)_T1 Marke'!B5,'30lb(ni=1,no=1_T2)'!B5,'30lb(ni=1,no=1_T3)'!B5) -> 0.012472191 | D6: =AVERAGE('30lb(ni=1,no=1)_T1 Marke'!C5,'30lb(ni=1,no=1_T2)'!C5,'30lb(ni=1,no=1_T3)'!C5) -> 16.853963 | E6: =_xlfn.STDEV.P('30lb(ni=1,no=1)_T1 Marke'!C5,'30lb(ni=1,no=1_T2)'!C5,'30lb(ni=1,no=1_T3)'!C5) -> 1.2223971 | F6: =AVERAGE('30lb(ni=1,no=1)_T1 Marke'!D5,'30lb(ni=1,no=1_T2)'!D5,'30lb(ni=1,no=1_T3)'!D5) -> 173.77537 | G6: =_xlfn.STDEV.P('30lb(ni=1,no=1)_T1 Marke'!D5,'30lb(ni=1,no=1_T2)'!D5,'30lb(ni=1,no=1_T3)'!D5) -> 27.163485 | H6: =AVERAGE('30lb(ni=1,no=1)_T1 Marke'!E5,'30lb(ni=1,no=1_T2)'!E5,'30lb(ni=1,no=1_T3)'!E5) -> 19.163662 | I6: =_xlfn.STDEV.P('30lb(ni=1,no=1)_T1 Marke'!E5,'30lb(ni=1,no=1_T2)'!E5,'30lb(ni=1,no=1_T3)'!E5) -> 2.4548977 | J6: =AVERAGE('30lb(ni=1,no=1)_T1 Marke'!F5,'30lb(ni=1,no=1_T2)'!F5,'30lb(ni=1,no=1_T3)'!F5) -> 37.777589 | K6: =_xlfn.STDEV.P('30lb(ni=1,no=1)_T1 Marke'!F5,'30lb(ni=1,no=1_T2)'!F5,'30lb(ni=1,no=1_T3)'!F5) -> 2.4618208
A7: =AVERAGE('30lb(ni=1,no=1)_T1 Marke'!A6,'30lb(ni=1,no=1_T2)'!A6,'30lb(ni=1,no=1_T3)'!A6) -> 278.74324 | B7: =AVERAGE('30lb(ni=1,no=1)_T1 Marke'!B6,'30lb(ni=1,no=1_T2)'!B6,'30lb(ni=1,no=1_T3)'!B6) -> 0.046666667 | C7: =_xlfn.STDEV.P('30lb(ni=1,no=1)_T1 Marke'!B6,'30lb(ni=1,no=1_T2)'!B6,'30lb(ni=1,no=1_T3)'!B6) -> 0.012472191 | D7: =AVERAGE('30lb(ni=1,no=1)_T1 Marke'!C6,'30lb(ni=1,no=1_T2)'!C6,'30lb(ni=1,no=1_T3)'!C6) -> 16.110098 | E7: =_xlfn.STDEV.P('30lb(ni=1,no=1)_T1 Marke'!C6,'30lb(ni=1,no=1_T2)'!C6,'30lb(ni=1,no=1_T3)'!C6) -> 1.2363616 | F7: =AVERAGE('30lb(ni=1,no=1)_T1 Marke'!D6,'30lb(ni=1,no=1_T2)'!D6,'30lb(ni=1,no=1_T3)'!D6) -> 173.60827 | G7: =_xlfn.STDEV.P('30lb(ni=1,no=1)_T1 Marke'!D6,'30lb(ni=1,no=1_T2)'!D6,'30lb(ni=1,no=1_T3)'!D6) -> 27.282668 | H7: =AVERAGE('30lb(ni=1,no=1)_T1 Marke'!E6,'30lb(ni=1,no=1_T2)'!E6,'30lb(ni=1,no=1_T3)'!E6) -> 18.269496 | I7: =_xlfn.STDEV.P('30lb(ni=1,no=1)_T1 Marke'!E6,'30lb(ni=1,no=1_T2)'!E6,'30lb(ni=1,no=1_T3)'!E6) -> 2.3158574 | J7: =AVERAGE('30lb(ni=1,no=1)_T1 Marke'!F6,'30lb(ni=1,no=1_T2)'!F6,'30lb(ni=1,no=1_T3)'!F6) -> 30.36916 | K7: =_xlfn.STDEV.P('30lb(ni=1,no=1)_T1 Marke'!F6,'30lb(ni=1,no=1_T2)'!F6,'30lb(ni=1,no=1_T3)'!F6) -> 3.4943776
A8: =AVERAGE('30lb(ni=1,no=1)_T1 Marke'!A7,'30lb(ni=1,no=1_T2)'!A7,'30lb(ni=1,no=1_T3)'!A7) -> 268.74324 | B8: =AVERAGE('30lb(ni=1,no=1)_T1 Marke'!B7,'30lb(ni=1,no=1_T2)'!B7,'30lb(ni=1,no=1_T3)'!B7) -> 0.06 | C8: =_xlfn.STDEV.P('30lb(ni=1,no=1)_T1 Marke'!B7,'30lb(ni=1,no=1_T2)'!B7,'30lb(ni=1,no=1_T3)'!B7) -> 0.0081649658 | D8: =AVERAGE('30lb(ni=1,no=1)_T1 Marke'!C7,'30lb(ni=1,no=1_T2)'!C7,'30lb(ni=1,no=1_T3)'!C7) -> 15.253766 | E8: =_xlfn.STDEV.P('30lb(ni=1,no=1)_T1 Marke'!C7,'30lb(ni=1,no=1_T2)'!C7,'30lb(ni=1,no=1_T3)'!C7) -> 1.3243083 | F8: =AVERAGE('30lb(ni=1,no=1)_T1 Marke'!D7,'30lb(ni=1,no=1_T2)'!D7,'30lb(ni=1,no=1_T3)'!D7) -> 174.73685 | G8: =_xlfn.STDEV.P('30lb(ni=1,no=1)_T1 Marke'!D7,'30lb(ni=1,no=1_T2)'!D7,'30lb(ni=1,no=1_T3)'!D7) -> 27.000987 | H8: =AVERAGE('30lb(ni=1,no=1)_T1 Marke'!E7,'30lb(ni=1,no=1_T2)'!E7,'30lb(ni=1,no=1_T3)'!E7) -> 17.903575 | I8: =_xlfn.STDEV.P('30lb(ni=1,no=1)_T1 Marke'!E7,'30lb(ni=1,no=1_T2)'!E7,'30lb(ni=1,no=1_T3)'!E7) -> 2.4250113 | J8: =AVERAGE('30lb(ni=1,no=1)_T1 Marke'!F7,'30lb(ni=1,no=1_T2)'!F7,'30lb(ni=1,no=1_T3)'!F7) -> 27.582716 | K8: =_xlfn.STDEV.P('30lb(ni=1,no=1)_T1 Marke'!F7,'30lb(ni=1,no=1_T2)'!F7,'30lb(ni=1,no=1_T3)'!F7) -> 3.7863598
A9: =AVERAGE('30lb(ni=1,no=1)_T1 Marke'!A8,'30lb(ni=1,no=1_T2)'!A8,'30lb(ni=1,no=1_T3)'!A8) -> 258.74324 | B9: =AVERAGE('30lb(ni=1,no=1)_T1 Marke'!B8,'30lb(ni=1,no=1_T2)'!B8,'30lb(ni=1,no=1_T3)'!B8) -> 0.073333333 | C9: =_xlfn.STDEV.P('30lb(ni=1,no=1)_T1 Marke'!B8,'30lb(ni=1,no=1_T2)'!B8,'30lb(ni=1,no=1_T3)'!B8) -> 0.018856181 | D9: =AVERAGE('30lb(ni=1,no=1)_T1 Marke'!C8,'30lb(ni=1,no=1_T2)'!C8,'30lb(ni=1,no=1_T3)'!C8) -> 14.728032 | E9: =_xlfn.STDEV.P('30lb(ni=1,no=1)_T1 Marke'!C8,'30lb(ni=1,no=1_T2)'!C8,'30lb(ni=1,no=1_T3)'!C8) -> 1.4123409 | F9: =AVERAGE('30lb(ni=1,no=1)_T1 Marke'!D8,'30lb(ni=1,no=1_T2)'!D8,'30lb(ni=1,no=1_T3)'!D8) -> 174.64858 | G9: =_xlfn.STDEV.P('30lb(ni=1,no=1)_T1 Marke'!D8,'30lb(ni=1,no=1_T2)'!D8,'30lb(ni=1,no=1_T3)'!D8) -> 26.690921 | H9: =AVERAGE('30lb(ni=1,no=1)_T1 Marke'!E8,'30lb(ni=1,no=1_T2)'!E8,'30lb(ni=1,no=1_T3)'!E8) -> 17.136488 | I9: =_xlfn.STDEV.P('30lb(ni=1,no=1)_T1 Marke'!E8,'30lb(ni=1,no=1_T2)'!E8,'30lb(ni=1,no=1_T3)'!E8) -> 2.878956 | J9: =AVERAGE('30lb(ni=1,no=1)_T1 Marke'!F8,'30lb(ni=1,no=1_T2)'!F8,'30lb(ni=1,no=1_T3)'!F8) -> 26.981978 | K9: =_xlfn.STDEV.P('30lb(ni=1,no=1)_T1 Marke'!F8,'30lb(ni=1,no=1_T2)'!F8,'30lb(ni=1,no=1_T3)'!F8) -> 5.5629215
A10: =AVERAGE('30lb(ni=1,no=1)_T1 Marke'!A9,'30lb(ni=1,no=1_T2)'!A9,'30lb(ni=1,no=1_T3)'!A9) -> 248.74324 | B10: =AVERAGE('30lb(ni=1,no=1)_T1 Marke'!B9,'30lb(ni=1,no=1_T2)'!B9,'30lb(ni=1,no=1_T3)'!B9) -> 0.093333333 | C10: =_xlfn.STDEV.P('30lb(ni=1,no=1)_T1 Marke'!B9,'30lb(ni=1,no=1_T2)'!B9,'30lb(ni=1,no=1_T3)'!B9) -> 0.026246693 | D10: =AVERAGE('30lb(ni=1,no=1)_T1 Marke'!C9,'30lb(ni=1,no=1_T2)'!C9,'30lb(ni=1,no=1_T3)'!C9) -> 14.254144 | E10: =_xlfn.STDEV.P('30lb(ni=1,no=1)_T1 Marke'!C9,'30lb(ni=1,no=1_T2)'!C9,'30lb(ni=1,no=1_T3)'!C9) -> 1.4053047 | F10: =AVERAGE('30lb(ni=1,no=1)_T1 Marke'!D9,'30lb(ni=1,no=1_T2)'!D9,'30lb(ni=1,no=1_T3)'!D9) -> 172.7252 | G10: =_xlfn.STDEV.P('30lb(ni=1,no=1)_T1 Marke'!D9,'30lb(ni=1,no=1_T2)'!D9,'30lb(ni=1,no=1_T3)'!D9) -> 27.23469 | H10: =AVERAGE('30lb(ni=1,no=1)_T1 Marke'!E9,'30lb(ni=1,no=1_T2)'!E9,'30lb(ni=1,no=1_T3)'!E9) -> 16.554634 | I10: =_xlfn.STDEV.P('30lb(ni=1,no=1)_T1 Marke'!E9,'30lb(ni=1,no=1_T2)'!E9,'30lb(ni=1,no=1_T3)'!E9) -> 2.8212149 | J10: =AVERAGE('30lb(ni=1,no=1)_T1 Marke'!F9,'30lb(ni=1,no=1_T2)'!F9,'30lb(ni=1,no=1_T3)'!F9) -> 24.317383 | K10: =_xlfn.STDEV.P('30lb(ni=1,no=1)_T1 Marke'!F9,'30lb(ni=1,no=1_T2)'!F9,'30lb(ni=1,no=1_T3)'!F9) -> 4.4551225
A11: =AVERAGE('30lb(ni=1,no=1)_T1 Marke'!A10,'30lb(ni=1,no=1_T2)'!A10,'30lb(ni=1,no=1_T3)'!A10) -> 238.74324 | B11: =AVERAGE('30lb(ni=1,no=1)_T1 Marke'!B10,'30lb(ni=1,no=1_T2)'!B10,'30lb(ni=1,no=1_T3)'!B10) -> 0.10333333 | C11: =_xlfn.STDEV.P('30lb(ni=1,no=1)_T1 Marke'!B10,'30lb(ni=1,no=1_T2)'!B10,'30lb(ni=1,no=1_T3)'!B10) -> 0.033993463 | D11: =AVERAGE('30lb(ni=1,no=1)_T1 Marke'!C10,'30lb(ni=1,no=1_T2)'!C10,'30lb(ni=1,no=1_T3)'!C10) -> 13.575095 | E11: =_xlfn.STDEV.P('30lb(ni=1,no=1)_T1 Marke'!C10,'30lb(ni=1,no=1_T2)'!C10,'30lb(ni=1,no=1_T3)'!C10) -> 1.6887794 | F11: =AVERAGE('30lb(ni=1,no=1)_T1 Marke'!D10,'30lb(ni=1,no=1_T2)'!D10,'30lb(ni=1,no=1_T3)'!D10) -> 172.05764 | G11: =_xlfn.STDEV.P('30lb(ni=1,no=1)_T1 Marke'!D10,'30lb(ni=1,no=1_T2)'!D10,'30lb(ni=1,no=1_T3)'!D10) -> 27.580877 | H11: =AVERAGE('30lb(ni=1,no=1)_T1 Marke'!E10,'30lb(ni=1,no=1_T2)'!E10,'30lb(ni=1,no=1_T3)'!E10) -> 15.78276 | I11: =_xlfn.STDEV.P('30lb(ni=1,no=1)_T1 Marke'!E10,'30lb(ni=1,no=1_T2)'!E10,'30lb(ni=1,no=1_T3)'!E10) -> 2.7670016 | J11: =AVERAGE('30lb(ni=1,no=1)_T1 Marke'!F10,'30lb(ni=1,no=1_T2)'!F10,'30lb(ni=1,no=1_T3)'!F10) -> 22.860622 | K11: =_xlfn.STDEV.P('30lb(ni=1,no=1)_T1 Marke'!F10,'30lb(ni=1,no=1_T2)'!F10,'30lb(ni=1,no=1_T3)'!F10) -> 3.8159498
A12: =AVERAGE('30lb(ni=1,no=1)_T1 Marke'!A11,'30lb(ni=1,no=1_T2)'!A11,'30lb(ni=1,no=1_T3)'!A11) -> 228.74324 | B12: =AVERAGE('30lb(ni=1,no=1)_T1 Marke'!B11,'30lb(ni=1,no=1_T2)'!B11,'30lb(ni=1,no=1_T3)'!B11) -> 0.12666667 | C12: =_xlfn.STDEV.P('30lb(ni=1,no=1)_T1 Marke'!B11,'30lb(ni=1,no=1_T2)'!B11,'30lb(ni=1,no=1_T3)'!B11) -> 0.044969125 | D12: =AVERAGE('30lb(ni=1,no=1)_T1 Marke'!C11,'30lb(ni=1,no=1_T2)'!C11,'30lb(ni=1,no=1_T3)'!C11) -> 13.045677 | E12: =_xlfn.STDEV.P('30lb(ni=1,no=1)_T1 Marke'!C11,'30lb(ni=1,no=1_T2)'!C11,'30lb(ni=1,no=1_T3)'!C11) -> 1.7901215 | F12: =AVERAGE('30lb(ni=1,no=1)_T1 Marke'!D11,'30lb(ni=1,no=1_T2)'!D11,'30lb(ni=1,no=1_T3)'!D11) -> 171.57853 | G12: =_xlfn.STDEV.P('30lb(ni=1,no=1)_T1 Marke'!D11,'30lb(ni=1,no=1_T2)'!D11,'30lb(ni=1,no=1_T3)'!D11) -> 27.064019 | H12: =AVERAGE('30lb(ni=1,no=1)_T1 Marke'!E11,'30lb(ni=1,no=1_T2)'!E11,'30lb(ni=1,no=1_T3)'!E11) -> 14.602249 | I12: =_xlfn.STDEV.P('30lb(ni=1,no=1)_T1 Marke'!E11,'30lb(ni=1,no=1_T2)'!E11,'30lb(ni=1,no=1_T3)'!E11) -> 2.9803416 | J12: =AVERAGE('30lb(ni=1,no=1)_T1 Marke'!F11,'30lb(ni=1,no=1_T2)'!F11,'30lb(ni=1,no=1_T3)'!F11) -> 18.757088 | K12: =_xlfn.STDEV.P('30lb(ni=1,no=1)_T1 Marke'!F11,'30lb(ni=1,no=1_T2)'!F11,'30lb(ni=1,no=1_T3)'!F11) -> 5.195439
A13: =AVERAGE('30lb(ni=1,no=1)_T1 Marke'!A12,'30lb(ni=1,no=1_T2)'!A12,'30lb(ni=1,no=1_T3)'!A12) -> 218.74324 | B13: =AVERAGE('30lb(ni=1,no=1)_T1 Marke'!B12,'30lb(ni=1,no=1_T2)'!B12,'30lb(ni=1,no=1_T3)'!B12) -> 0.15333333 | C13: =_xlfn.STDEV.P('30lb(ni=1,no=1)_T1 Marke'!B12,'30lb(ni=1,no=1_T2)'!B12,'30lb(ni=1,no=1_T3)'!B12) -> 0.061824123 | D13: =AVERAGE('30lb(ni=1,no=1)_T1 Marke'!C12,'30lb(ni=1,no=1_T2)'!C12,'30lb(ni=1,no=1_T3)'!C12) -> 12.70078 | E13: =_xlfn.STDEV.P('30lb(ni=1,no=1)_T1 Marke'!C12,'30lb(ni=1,no=1_T2)'!C12,'30lb(ni=1,no=1_T3)'!C12) -> 1.6306323 | F13: =AVERAGE('30lb(ni=1,no=1)_T1 Marke'!D12,'30lb(ni=1,no=1_T2)'!D12,'30lb(ni=1,no=1_T3)'!D12) -> 170.12259 | G13: =_xlfn.STDEV.P('30lb(ni=1,no=1)_T1 Marke'!D12,'30lb(ni=1,no=1_T2)'!D12,'30lb(ni=1,no=1_T3)'!D12) -> 27.469609 | H13: =AVERAGE('30lb(ni=1,no=1)_T1 Marke'!E12,'30lb(ni=1,no=1_T2)'!E12,'30lb(ni=1,no=1_T3)'!E12) -> 13.653223 | I13: =_xlfn.STDEV.P('30lb(ni=1,no=1)_T1 Marke'!E12,'30lb(ni=1,no=1_T2)'!E12,'30lb(ni=1,no=1_T3)'!E12) -> 3.3266174 | J13: =AVERAGE('30lb(ni=1,no=1)_T1 Marke'!F12,'30lb(ni=1,no=1_T2)'!F12,'30lb(ni=1,no=1_T3)'!F12) -> 16.195693 | K13: =_xlfn.STDEV.P('30lb(ni=1,no=1)_T1 Marke'!F12,'30lb(ni=1,no=1_T2)'!F12,'30lb(ni=1,no=1_T3)'!F12) -> 6.3692726
A14: =AVERAGE('30lb(ni=1,no=1)_T1 Marke'!A13,'30lb(ni=1,no=1_T2)'!A13,'30lb(ni=1,no=1_T3)'!A13) -> 208.74324 | B14: =AVERAGE('30lb(ni=1,no=1)_T1 Marke'!B13,'30lb(ni=1,no=1_T2)'!B13,'30lb(ni=1,no=1_T3)'!B13) -> 0.19 | C14: =_xlfn.STDEV.P('30lb(ni=1,no=1)_T1 Marke'!B13,'30lb(ni=1,no=1_T2)'!B13,'30lb(ni=1,no=1_T3)'!B13) -> 0.086409876 | D14: =AVERAGE('30lb(ni=1,no=1)_T1 Marke'!C13,'30lb(ni=1,no=1_T2)'!C13,'30lb(ni=1,no=1_T3)'!C13) -> 12.406911 | E14: =_xlfn.STDEV.P('30lb(ni=1,no=1)_T1 Marke'!C13,'30lb(ni=1,no=1_T2)'!C13,'30lb(ni=1,no=1_T3)'!C13) -> 1.6450121 | F14: =AVERAGE('30lb(ni=1,no=1)_T1 Marke'!D13,'30lb(ni=1,no=1_T2)'!D13,'30lb(ni=1,no=1_T3)'!D13) -> 168.20507 | G14: =_xlfn.STDEV.P('30lb(ni=1,no=1)_T1 Marke'!D13,'30lb(ni=1,no=1_T2)'!D13,'30lb(ni=1,no=1_T3)'!D13) -> 27.64885 | H14: =AVERAGE('30lb(ni=1,no=1)_T1 Marke'!E13,'30lb(ni=1,no=1_T2)'!E13,'30lb(ni=1,no=1_T3)'!E13) -> 12.582955 | I14: =_xlfn.STDEV.P('30lb(ni=1,no=1)_T1 Marke'!E13,'30lb(ni=1,no=1_T2)'!E13,'30lb(ni=1,no=1_T3)'!E13) -> 3.6811103 | J14: =AVERAGE('30lb(ni=1,no=1)_T1 Marke'!F13,'30lb(ni=1,no=1_T2)'!F13,'30lb(ni=1,no=1_T3)'!F13) -> 13.188226 | K14: =_xlfn.STDEV.P('30lb(ni=1,no=1)_T1 Marke'!F13,'30lb(ni=1,no=1_T2)'!F13,'30lb(ni=1,no=1_T3)'!F13) -> 6.1441519
... A19: =AVERAGE('30lb(ni=1,no=1)_T1 Marke'!A18,'30lb(ni=1,no=1_T2)'!A18,'30lb(ni=1,no=1_T3)'!A18) -> 191.90246 | B19: =AVERAGE('30lb(ni=1,no=1)_T1 Marke'!B18,'30lb(ni=1,no=1_T2)'!B18,'30lb(ni=1,no=1_T3)'!B18) -> 0.335 | C19: =_xlfn.STDEV.P('30lb(ni=1,no=1)_T1 Marke'!B18,'30lb(ni=1,no=1_T2)'!B18,'30lb(ni=1,no=1_T3)'!B18) -> 0.045 | D19: =AVERAGE('30lb(ni=1,no=1)_T1 Marke'!C18,'30lb(ni=1,no=1_T2)'!C18,'30lb(ni=1,no=1_T3)'!C18) -> 10.969473 | E19: =_xlfn.STDEV.P('30lb(ni=1,no=1)_T1 Marke'!C18,'30lb(ni=1,no=1_T2)'!C18,'30lb(ni=1,no=1_T3)'!C18) -> 0.93677655 | F19: =AVERAGE('30lb(ni=1,no=1)_T1 Marke'!D18,'30lb(ni=1,no=1_T2)'!D18,'30lb(ni=1,no=1_T3)'!D18) -> 173.71135 | G19: =_xlfn.STDEV.P('30lb(ni=1,no=1)_T1 Marke'!D18,'30lb(ni=1,no=1_T2)'!D18,'30lb(ni=1,no=1_T3)'!D18) -> 21.22042 | H19: =AVERAGE('30lb(ni=1,no=1)_T1 Marke'!E18,'30lb(ni=1,no=1_T2)'!E18,'30lb(ni=1,no=1_T3)'!E18) -> 9.0446928 | I19: =_xlfn.STDEV.P('30lb(ni=1,no=1)_T1 Marke'!E18,'30lb(ni=1,no=1_T2)'!E18,'30lb(ni=1,no=1_T3)'!E18) -> 2.133953 | J19: =AVERAGE('30lb(ni=1,no=1)_T1 Marke'!F18,'30lb(ni=1,no=1_T2)'!F18,'30lb(ni=1,no=1_T3)'!F18) -> 7.9025327 | K19: =_xlfn.STDEV.P('30lb(ni=1,no=1)_T1 Marke'!F18,'30lb(ni=1,no=1_T2)'!F18,'30lb(ni=1,no=1_T3)'!F18) -> 3.1438215

Sheet 30lb(ni=1,no=1)_T1 Marke
A1: e(mm) | B1: F (N) | C1: L_bi (mm) | D1: L_li (mm) | E1: L_bo (mm) | F1: R_bi (mm)
A2: 380.94 | B2: 0 | C2: 20.042188 | D2: 199.1651 | E2: 27.516667 | F2: 60.854167
A3: 370.94 | B3: 0.03 | C3: 19.248438 | D3: 199.69427 | E3: 26.19375 | F3: 53.842708
A4: 360.94 | B4: 0.03 | C4: 18.388542 | D4: 200.62031 | E4: 24.077083 | F4: 44.648437
A5: 350.94 | B5: 0.04 | C5: 17.396354 | D5: 201.87708 | E5: 22.158854 | F5: 35.851042
A6: 340.94 | B6: 0.03 | C6: 16.801042 | D6: 201.67865 | E6: 21.43125 | F6: 33.866667
A7: 330.94 | B7: 0.05 | C7: 16.338021 | D7: 202.67083 | E7: 21.166667 | F7: 28.839583
A8: 320.94 | B8: 0.06 | C8: 16.139583 | D8: 202.40625 | E8: 20.6375 | F8: 32.279167
A9: 310.94 | B9: 0.07 | C9: 15.808854 | D9: 202.07552 | E9: 20.240625 | F9: 28.376562
A10: 300.94 | B10: 0.07 | C10: 15.544271 | D10: 202.40625 | E10: 19.182292 | F10: 26.855208
A11: 290.94 | B11: 0.09 | C11: 15.213542 | D11: 201.34792 | E11: 18.322396 | F11: 25.863021
A12: 280.94 | B12: 0.1 | C12: 14.618229 | D12: 200.025 | E12: 17.793229 | F12: 24.738542
A13: 270.94 | B13: 0.11 | C13: 14.221354 | D13: 198.63594 | E13: 17.264063 | F13: 21.761979
... A18: 220.94 | B18: 0.29 | C18: 11.90625 | D18: 194.93177 | E18: 11.178646 | F18: 11.046354
A19: 210.94 | B19: 0.41 | C19: 9.921875 | D19: 194.79948 | E19: 10.31875
A20: 200.94 | B20: 0.58 | C20: 8.8966146 | D20: 189.97083 | E20: 9.2383681
A21: 190.94 | B21: 0.68 | C21: 7.6133854 | D21: 188.97865 | E21: 8.2131076
A22: 180.94 | B22: 0.86 | C22: 6.3301562 | D22: 180.37969 | E22: 7.1878472

Sheet 30lb(ni=1,no=1_T2)
A1: e(mm) | B1: F (N) | C1: L_bi (mm) | D1: L_li (mm) | E1: L_bo (mm) | F1: R_bi (mm)
A2: 252.42481 | B2: 0 | C2: 17.72093 | D2: 134.28527 | E2: 19.099225 | F2: 78.956589
A3: 242.42481 | B3: 0.03 | C3: 16.539535 | D3: 134.48217 | E3: 17.524031 | F3: 60.644961
A4: 232.42481 | B4: 0.05 | C4: 15.948837 | D4: 135.66357 | E4: 16.342636 | F4: 50.8
A5: 222.42481 | B5: 0.06 | C5: 15.16124 | D5: 137.04186 | E5: 16.145736 | F5: 36.229457
A6: 212.42481 | B6: 0.06 | C6: 14.373643 | D6: 136.64806 | E6: 15.948837 | F6: 25.596899
A7: 202.42481 | B7: 0.07 | C7: 13.389147 | D7: 138.22326 | E7: 15.35814 | F7: 22.446512
A8: 192.42481 | B8: 0.1 | C8: 12.79845 | D8: 138.61705 | E8: 13.586047 | F8: 19.296124
A9: 182.42481 | B9: 0.13 | C9: 12.404651 | D9: 136.45116 | E9: 13.389147 | F9: 18.114729
A10: 172.42481 | B10: 0.15 | C10: 11.420155 | D10: 135.66357 | E10: 12.404651 | F10: 17.72093
A11: 162.42481 | B11: 0.19 | C11: 10.829457 | D11: 135.86047 | E11: 11.026357 | F11: 13.586047
A12: 152.42481 | B12: 0.24 | C12: 10.632558 | D12: 133.69457 | E12: 9.648062 | F12: 9.4511628
A13: 142.42481 | B13: 0.31 | C13: 10.23876 | D13: 131.72558 | E13: 8.2697674 | F13: 7.6790698
... A15: 122.42481 | B15: 0.37 | C15: 8.6635659 | D15: 121.28992 | E15: 7.4821705 | F15: 4.5286822

Sheet 30lb(ni=1,no=1_T3)
A1: e(mm) | B1: F (N) | C1: L_bi (mm) | D1: L_li (mm) | E1: L_bo (mm) | F1: R_bi (mm)
A2: 322.86492 | B2: 0 | C2: 20.065394 | D2: 182.2253 | E2: 22.399284 | F2: 79.746301
A3: 312.86492 | B3: 0.02 | C3: 19.64105 | D3: 181.98282 | E3: 20.82315 | F3: 67.622196
A4: 302.86492 | B4: 0.02 | C4: 19.277327 | D4: 181.19475 | E4: 21.217184 | F4: 42.434368
A5: 292.86492 | B5: 0.03 | C5: 18.004296 | D5: 182.40716 | E5: 19.186396 | F5: 41.252267
A6: 282.86492 | B6: 0.05 | C6: 17.155609 | D6: 182.49809 | E6: 17.428401 | F6: 31.643914
A7: 272.86492 | B7: 0.06 | C7: 16.034129 | D7: 183.31647 | E7: 17.185919 | F7: 31.462053
A8: 262.86492 | B8: 0.06 | C8: 15.246062 | D8: 182.92243 | E8: 17.185919 | F8: 29.370644
A9: 252.86492 | B9: 0.08 | C9: 14.548926 | D9: 179.64893 | E9: 16.034129 | F9: 26.460859
A10: 242.86492 | B10: 0.09 | C10: 13.760859 | D10: 178.1031 | E10: 15.761337 | F10: 24.005728
A11: 232.86492 | B11: 0.1 | C11: 13.094033 | D11: 177.52721 | E11: 14.457995 | F11: 16.822196
A12: 222.86492 | B12: 0.12 | C12: 12.851551 | D12: 176.64821 | E12: 13.518377 | F12: 14.397375
A13: 212.86492 | B13: 0.15 | C13: 12.760621 | D13: 174.2537 | E13: 12.215036 | F13: 10.123628
... A19: 152.86492 | B19: 0.42 | C19: 9.5477327 | D19: 144.54964 | E19: 6.7591885 | F19: 4.0615752
