Workbook

Sheet Summary
A1: e(mm) | B1: F (N) | D1: L_bi (mm) | F1: L_li (mm) | H1: L_bo (mm) | J1: R_bi (mm)
B2: ave | C2: std | D2: ave | E2: std | F2: ave | G2: std | H2: ave | I2: std | J2: ave | K2: std
A3: =AVERAGE('60lb(ni=3,no=1)_T2'!A2,'60lb(ni=3,no=1)_T1'!A2,'60lb(ni=3,no=1)T3'!A2) -> 455.52505 | B3: =AVERAGE('60lb(ni=3,no=1)_T2'!B2,'60lb(ni=3,no=1)_T1'!B2,'60lb(ni=3,no=1)T3'!B2) -> 0 | C3: =_xlfn.STDEV.P('60lb(ni=3,no=1)_T2'!B2,'60lb(ni=3,no=1)_T1'!B2,'60lb(ni=3,no=1)T3'!B2) -> 0 | D3: =AVERAGE('60lb(ni=3,no=1)_T2'!C2,'60lb(ni=3,no=1)_T1'!C2,'60lb(ni=3,no=1)T3'!C2) -> 61.004542 | E3: =_xlfn.STDEV.P('60lb(ni=3,no=1)_T2'!C2,'60lb(ni=3,no=1)_T1'!C2,'60lb(ni=3,no=1)T3'!C2) -> 3.5418401 | F3: =AVERAGE('60lb(ni=3,no=1)_T2'!D2,'60lb(ni=3,no=1)_T1'!D2,'60lb(ni=3,no=1)T3'!D2) -> 190.8634 | G3: =_xlfn.STDEV.P('60lb(ni=3,no=1)_T2'!D2,'60lb(ni=3,no=1)_T1'!D2,'60lb(ni=3,no=1)T3'!D2) -> 13.217016 | H3: =AVERAGE('60lb(ni=3,no=1)_T2'!E2,'60lb(ni=3,no=1)_T1'!E2,'60lb(ni=3,no=1)T3'!E2) -> 35.469701 | I3: =_xlfn.STDEV.P('60lb(ni=3,no=1)_T2'!E2,'60lb(ni=3,no=1)_T1'!E2,'60lb(ni=3,no=1)T3'!E2) -> 0.38966108 | J3: =AVERAGE('60lb(ni=3,no=1)_T2'!F2,'60lb(ni=3,no=1)_T1'!F2,'60lb(ni=3,no=1)T3'!F2) -> 96.174447 | K3: =_xlfn.STDEV.P('60lb(ni=3,no=1)_T2'!F2,'60lb(ni=3,no=1)_T1'!F2,'60lb(ni=3,no=1)T3'!F2) -> 24.82968
A4: =AVERAGE('60lb(ni=3,no=1)_T2'!A3,'60lb(ni=3,no=1)_T1'!A3,'60lb(ni=3,no=1)T3'!A3) -> 445.52505 | B4: =AVERAGE('60lb(ni=3,no=1)_T2'!B3,'60lb(ni=3,no=1)_T1'!B3,'60lb(ni=3,no=1)T3'!B3) -> 0.046666667 | C4: =_xlfn.STDEV.P('60lb(ni=3,no=1)_T2'!B3,'60lb(ni=3,no=1)_T1'!B3,'60lb(ni=3,no=1)T3'!B3) -> 0.024944383 | D4: =AVERAGE('60lb(ni=3,no=1)_T2'!C3,'60lb(ni=3,no=1)_T1'!C3,'60lb(ni=3,no=1)T3'!C3) -> 60.736658 | E4: =_xlfn.STDEV.P('60lb(ni=3,no=1)_T2'!C3,'60lb(ni=3,no=1)_T1'!C3,'60lb(ni=3,no=1)T3'!C3) -> 3.5308952 | F4: =AVERAGE('60lb(ni=3,no=1)_T2'!D3,'60lb(ni=3,no=1)_T1'!D3,'60lb(ni=3,no=1)T3'!D3) -> 191.50501 | G4: =_xlfn.STDEV.P('60lb(ni=3,no=1)_T2'!D3,'60lb(ni=3,no=1)_T1'!D3,'60lb(ni=3,no=1)T3'!D3) -> 12.784287 | H4: =AVERAGE('60lb(ni=3,no=1)_T2'!E3,'60lb(ni=3,no=1)_T1'!E3,'60lb(ni=3,no=1)T3'!E3) -> 33.756547 | I4: =_xlfn.STDEV.P('60lb(ni=3,no=1)_T2'!E3,'60lb(ni=3,no=1)_T1'!E3,'60lb(ni=3,no=1)T3'!E3) -> 1.1964698 | J4: =AVERAGE('60lb(ni=3,no=1)_T2'!F3,'60lb(ni=3,no=1)_T1'!F3,'60lb(ni=3,no=1)T3'!F3) -> 79.308759 | K4: =_xlfn.STDEV.P('60lb(ni=3,no=1)_T2'!F3,'60lb(ni=3,no=1)_T1'!F3,'60lb(ni=3,no=1)T3'!F3) -> 18.670209
A5: =AVERAGE('60lb(ni=3,no=1)_T2'!A4,'60lb(ni=3,no=1)_T1'!A4,'60lb(ni=3,no=1)T3'!A4) -> 435.52505 | B5: =AVERAGE('60lb(ni=3,no=1)_T2'!B4,'60lb(ni=3,no=1)_T1'!B4,'60lb(ni=3,no=1)T3'!B4) -> 0.06 | C5: =_xlfn.STDEV.P('60lb(ni=3,no=1)_T2'!B4,'60lb(ni=3,no=1)_T1'!B4,'60lb(ni=3,no=1)T3'!B4) -> 0.029439203 | D5: =AVERAGE('60lb(ni=3,no=1)_T2'!C4,'60lb(ni=3,no=1)_T1'!C4,'60lb(ni=3,no=1)T3'!C4) -> 60.329214 | E5: =_xlfn.STDEV.P('60lb(ni=3,no=1)_T2'!C4,'60lb(ni=3,no=1)_T1'!C4,'60lb(ni=3,no=1)T3'!C4) -> 3.4110308 | F5: =AVERAGE('60lb(ni=3,no=1)_T2'!D4,'60lb(ni=3,no=1)_T1'!D4,'60lb(ni=3,no=1)T3'!D4) -> 191.42883 | G5: =_xlfn.STDEV.P('60lb(ni=3,no=1)_T2'!D4,'60lb(ni=3,no=1)_T1'!D4,'60lb(ni=3,no=1)T3'!D4) -> 13.26381 | H5: =AVERAGE('60lb(ni=3,no=1)_T2'!E4,'60lb(ni=3,no=1)_T1'!E4,'60lb(ni=3,no=1)T3'!E4) -> 33.133356 | I5: =_xlfn.STDEV.P('60lb(ni=3,no=1)_T2'!E4,'60lb(ni=3,no=1)_T1'!E4,'60lb(ni=3,no=1)T3'!E4) -> 0.87417891 | J5: =AVERAGE('60lb(ni=3,no=1)_T2'!F4,'60lb(ni=3,no=1)_T1'!F4,'60lb(ni=3,no=1)T3'!F4) -> 63.070307 | K5: =_xlfn.STDEV.P('60lb(ni=3,no=1)_T2'!F4,'60lb(ni=3,no=1)_T1'!F4,'60lb(ni=3,no=1)T3'!F4) -> 14.063302
A6: =AVERAGE('60lb(ni=3,no=1)_T2'!A5,'60lb(ni=3,no=1)_T1'!A5,'60lb(ni=3,no=1)T3'!A5) -> 425.52505 | B6: =AVERAGE('60lb(ni=3,no=1)_T2'!B5,'60lb(ni=3,no=1)_T1'!B5,'60lb(ni=3,no=1)T3'!B5) -> 0.066666667 | C6: =_xlfn.STDEV.P('60lb(ni=3,no=1)_T2'!B5,'60lb(ni=3,no=1)_T1'!B5,'60lb(ni=3,no=1)T3'!B5) -> 0.032998316 | D6: =AVERAGE('60lb(ni=3,no=1)_T2'!C5,'60lb(ni=3,no=1)_T1'!C5,'60lb(ni=3,no=1)T3'!C5) -> 59.689168 | E6: =_xlfn.STDEV.P('60lb(ni=3,no=1)_T2'!C5,'60lb(ni=3,no=1)_T1'!C5,'60lb(ni=3,no=1)T3'!C5) -> 3.6882673 | F6: =AVERAGE('60lb(ni=3,no=1)_T2'!D5,'60lb(ni=3,no=1)_T1'!D5,'60lb(ni=3,no=1)T3'!D5) -> 191.68548 | G6: =_xlfn.STDEV.P('60lb(ni=3,no=1)_T2'!D5,'60lb(ni=3,no=1)_T1'!D5,'60lb(ni=3,no=1)T3'!D5) -> 12.782036 | H6: =AVERAGE('60lb(ni=3,no=1)_T2'!E5,'60lb(ni=3,no=1)_T1'!E5,'60lb(ni=3,no=1)T3'!E5) -> 31.200411 | I6: =_xlfn.STDEV.P('60lb(ni=3,no=1)_T2'!E5,'60lb(ni=3,no=1)_T1'!E5,'60lb(ni=3,no=1)T3'!E5) -> 0.63652984 | J6: =AVERAGE('60lb(ni=3,no=1)_T2'!F5,'60lb(ni=3,no=1)_T1'!F5,'60lb(ni=3,no=1)T3'!F5) -> 56.346685 | K6: =_xlfn.STDEV.P('60lb(ni=3,no=1)_T2'!F5,'60lb(ni=3,no=1)_T1'!F5,'60lb(ni=3,no=1)T3'!F5) -> 12.195452
A7: =AVERAGE('60lb(ni=3,no=1)_T2'!A6,'60lb(ni=3,no=1)_T1'!A6,'60lb(ni=3,no=1)T3'!A6) -> 415.52505 | B7: =AVERAGE('60lb(ni=3,no=1)_T2'!B6,'60lb(ni=3,no=1)_T1'!B6,'60lb(ni=3,no=1)T3'!B6) -> 0.08 | C7: =_xlfn.STDEV.P('60lb(ni=3,no=1)_T2'!B6,'60lb(ni=3,no=1)_T1'!B6,'60lb(ni=3,no=1)T3'!B6) -> 0.029439203 | D7: =AVERAGE('60lb(ni=3,no=1)_T2'!C6,'60lb(ni=3,no=1)_T1'!C6,'60lb(ni=3,no=1)T3'!C6) -> 59.514325 | E7: =_xlfn.STDEV.P('60lb(ni=3,no=1)_T2'!C6,'60lb(ni=3,no=1)_T1'!C6,'60lb(ni=3,no=1)T3'!C6) -> 3.7160192 | F7: =AVERAGE('60lb(ni=3,no=1)_T2'!D6,'60lb(ni=3,no=1)_T1'!D6,'60lb(ni=3,no=1)T3'!D6) -> 192.49632 | G7: =_xlfn.STDEV.P('60lb(ni=3,no=1)_T2'!D6,'60lb(ni=3,no=1)_T1'!D6,'60lb(ni=3,no=1)T3'!D6) -> 12.203787 | H7: =AVERAGE('60lb(ni=3,no=1)_T2'!E6,'60lb(ni=3,no=1)_T1'!E6,'60lb(ni=3,no=1)T3'!E6) -> 30.565984 | I7: =_xlfn.STDEV.P('60lb(ni=3,no=1)_T2'!E6,'60lb(ni=3,no=1)_T1'!E6,'60lb(ni=3,no=1)T3'!E6) -> 0.41010303 | J7: =AVERAGE('60lb(ni=3,no=1)_T2'!F6,'60lb(ni=3,no=1)_T1'!F6,'60lb(ni=3,no=1)T3'!F6) -> 50.522228 | K7: =_xlfn.STDEV.P('60lb(ni=3,no=1)_T2'!F6,'60lb(ni=3,no=1)_T1'!F6,'60lb(ni=3,no=1)T3'!F6) -> 12.04241
A8: =AVERAGE('60lb(ni=3,no=1)_T2'!A7,'60lb(ni=3,no=1)_T1'!A7,'60lb(ni=3,no=1)T3'!A7) -> 405.52505 | B8: =AVERAGE('60lb(ni=3,no=1)_T2'!B7,'60lb(ni=3,no=1)_T1'!B7,'60lb(ni=3,no=1)T3'!B7) -> 0.10333333 | C8: =_xlfn.STDEV.P('60lb(ni=3,no=1)_T2'!B7,'60lb(ni=3,no=1)_T1'!B7,'60lb(ni=3,no=1)T3'!B7) -> 0.04189935 | D8: =AVERAGE('60lb(ni=3,no=1)_T2'!C7,'60lb(ni=3,no=1)_T1'!C7,'60lb(ni=3,no=1)T3'!C7) -> 59.298579 | E8: =_xlfn.STDEV.P('60lb(ni=3,no=1)_T2'!C7,'60lb(ni=3,no=1)_T1'!C7,'60lb(ni=3,no=1)T3'!C7) -> 3.777495 | F8: =AVERAGE('60lb(ni=3,no=1)_T2'!D7,'60lb(ni=3,no=1)_T1'!D7,'60lb(ni=3,no=1)T3'!D7) -> 193.0658 | G8: =_xlfn.STDEV.P('60lb(ni=3,no=1)_T2'!D7,'60lb(ni=3,no=1)_T1'!D7,'60lb(ni=3,no=1)T3'!D7) -> 12.938473 | H8: =AVERAGE('60lb(ni=3,no=1)_T2'!E7,'60lb(ni=3,no=1)_T1'!E7,'60lb(ni=3,no=1)T3'!E7) -> 28.717313 | I8: =_xlfn.STDEV.P('60lb(ni=3,no=1)_T2'!E7,'60lb(ni=3,no=1)_T1'!E7,'60lb(ni=3,no=1)T3'!E7) -> 1.1438174 | J8: =AVERAGE('60lb(ni=3,no=1)_T2'!F7,'60lb(ni=3,no=1)_T1'!F7,'60lb(ni=3,no=1)T3'!F7) -> 43.694329 | K8: =_xlfn.STDEV.P('60lb(ni=3,no=1)_T2'!F7,'60lb(ni=3,no=1)_T1'!F7,'60lb(ni=3,no=1)T3'!F7) -> 10.666042
A9: =AVERAGE('60lb(ni=3,no=1)_T2'!A8,'60lb(ni=3,no=1)_T1'!A8,'60lb(ni=3,no=1)T3'!A8) -> 395.52505 | B9: =AVERAGE('60lb(ni=3,no=1)_T2'!B8,'60lb(ni=3,no=1)_T1'!B8,'60lb(ni=3,no=1)T3'!B8) -> 0.11666667 | C9: =_xlfn.STDEV.P('60lb(ni=3,no=1)_T2'!B8,'60lb(ni=3,no=1)_T1'!B8,'60lb(ni=3,no=1)T3'!B8) -> 0.041096093 | D9: =AVERAGE('60lb(ni=3,no=1)_T2'!C8,'60lb(ni=3,no=1)_T1'!C8,'60lb(ni=3,no=1)T3'!C8) -> 59.123735 | E9: =_xlfn.STDEV.P('60lb(ni=3,no=1)_T2'!C8,'60lb(ni=3,no=1)_T1'!C8,'60lb(ni=3,no=1)T3'!C8) -> 3.8066631 | F9: =AVERAGE('60lb(ni=3,no=1)_T2'!D8,'60lb(ni=3,no=1)_T1'!D8,'60lb(ni=3,no=1)T3'!D8) -> 193.90631 | G9: =_xlfn.STDEV.P('60lb(ni=3,no=1)_T2'!D8,'60lb(ni=3,no=1)_T1'!D8,'60lb(ni=3,no=1)T3'!D8) -> 12.39716 | H9: =AVERAGE('60lb(ni=3,no=1)_T2'!E8,'60lb(ni=3,no=1)_T1'!E8,'60lb(ni=3,no=1)T3'!E8) -> 27.843094 | I9: =_xlfn.STDEV.P('60lb(ni=3,no=1)_T2'!E8,'60lb(ni=3,no=1)_T1'!E8,'60lb(ni=3,no=1)T3'!E8) -> 1.3910071 | J9: =AVERAGE('60lb(ni=3,no=1)_T2'!F8,'60lb(ni=3,no=1)_T1'!F8,'60lb(ni=3,no=1)T3'!F8) -> 37.458382 | K9: =_xlfn.STDEV.P('60lb(ni=3,no=1)_T2'!F8,'60lb(ni=3,no=1)_T1'!F8,'60lb(ni=3,no=1)T3'!F8) -> 9.6942075
A10: =AVERAGE('60lb(ni=3,no=1)_T2'!A9,'60lb(ni=3,no=1)_T1'!A9,'60lb(ni=3,no=1)T3'!A9) -> 385.52505 | B10: =AVERAGE('60lb(ni=3,no=1)_T2'!B9,'60lb(ni=3,no=1)_T1'!B9,'60lb(ni=3,no=1)T3'!B9) -> 0.13666667 | C10: =_xlfn.STDEV.P('60lb(ni=3,no=1)_T2'!B9,'60lb(ni=3,no=1)_T1'!B9,'60lb(ni=3,no=1)T3'!B9) -> 0.044969125 | D10: =AVERAGE('60lb(ni=3,no=1)_T2'!C9,'60lb(ni=3,no=1)_T1'!C9,'60lb(ni=3,no=1)T3'!C9) -> 58.809331 | E10: =_xlfn.STDEV.P('60lb(ni=3,no=1)_T2'!C9,'60lb(ni=3,no=1)_T1'!C9,'60lb(ni=3,no=1)T3'!C9) -> 3.9185872 | F10: =AVERAGE('60lb(ni=3,no=1)_T2'!D9,'60lb(ni=3,no=1)_T1'!D9,'60lb(ni=3,no=1)T3'!D9) -> 195.11426 | G10: =_xlfn.STDEV.P('60lb(ni=3,no=1)_T2'!D9,'60lb(ni=3,no=1)_T1'!D9,'60lb(ni=3,no=1)T3'!D9) -> 13.918824 | H10: =AVERAGE('60lb(ni=3,no=1)_T2'!E9,'60lb(ni=3,no=1)_T1'!E9,'60lb(ni=3,no=1)T3'!E9) -> 26.980112 | I10: =_xlfn.STDEV.P('60lb(ni=3,no=1)_T2'!E9,'60lb(ni=3,no=1)_T1'!E9,'60lb(ni=3,no=1)T3'!E9) -> 1.8826135 | J10: =AVERAGE('60lb(ni=3,no=1)_T2'!F9,'60lb(ni=3,no=1)_T1'!F9,'60lb(ni=3,no=1)T3'!F9) -> 33.798572 | K10: =_xlfn.STDEV.P('60lb(ni=3,no=1)_T2'!F9,'60lb(ni=3,no=1)_T1'!F9,'60lb(ni=3,no=1)T3'!F9) -> 8.0726062
A11: =AVERAGE('60lb(ni=3,no=1)_T2'!A10,'60lb(ni=3,no=1)_T1'!A10,'60lb(ni=3,no=1)T3'!A10) -> 375.52505 | B11: =AVERAGE('60lb(ni=3,no=1)_T2'!B10,'60lb(ni=3,no=1)_T1'!B10,'60lb(ni=3,no=1)T3'!B10) -> 0.17333333 | C11: =_xlfn.STDEV.P('60lb(ni=3,no=1)_T2'!B10,'60lb(ni=3,no=1)_T1'!B10,'60lb(ni=3,no=1)T3'!B10) -> 0.063420992 | D11: =AVERAGE('60lb(ni=3,no=1)_T2'!C10,'60lb(ni=3,no=1)_T1'!C10,'60lb(ni=3,no=1)T3'!C10) -> 58.675389 | E11: =_xlfn.STDEV.P('60lb(ni=3,no=1)_T2'!C10,'60lb(ni=3,no=1)_T1'!C10,'60lb(ni=3,no=1)T3'!C10) -> 3.9141465 | F11: =AVERAGE('60lb(ni=3,no=1)_T2'!D10,'60lb(ni=3,no=1)_T1'!D10,'60lb(ni=3,no=1)T3'!D10) -> 195.09898 | G11: =_xlfn.STDEV.P('60lb(ni=3,no=1)_T2'!D10,'60lb(ni=3,no=1)_T1'!D10,'60lb(ni=3,no=1)T3'!D10) -> 12.880532 | H11: =AVERAGE('60lb(ni=3,no=1)_T2'!E10,'60lb(ni=3,no=1)_T1'!E10,'60lb(ni=3,no=1)T3'!E10) -> 24.096762 | I11: =_xlfn.STDEV.P('60lb(ni=3,no=1)_T2'!E10,'60lb(ni=3,no=1)_T1'!E10,'60lb(ni=3,no=1)T3'!E10) -> 2.1214975 | J11: =AVERAGE('60lb(ni=3,no=1)_T2'!F10,'60lb(ni=3,no=1)_T1'!F10,'60lb(ni=3,no=1)T3'!F10) -> 29.688843 | K11: =_xlfn.STDEV.P('60lb(ni=3,no=1)_T2'!F10,'60lb(ni=3,no=1)_T1'!F10,'60lb(ni=3,no=1)T3'!F10) -> 7.1744354
A12: =AVERAGE('60lb(ni=3,no=1)_T2'!A11,'60lb(ni=3,no=1)_T1'!A11,'60lb(ni=3,no=1)T3'!A11) -> 365.52505 | B12: =AVERAGE('60lb(ni=3,no=1)_T2'!B11,'60lb(ni=3,no=1)_T1'!B11,'60lb(ni=3,no=1)T3'!B11) -> 0.22 | C12: =_xlfn.STDEV.P('60lb(ni=3,no=1)_T2'!B11,'60lb(ni=3,no=1)_T1'!B11,'60lb(ni=3,no=1)T3'!B11) -> 0.086409876 | D12: =AVERAGE('60lb(ni=3,no=1)_T2'!C11,'60lb(ni=3,no=1)_T1'!C11,'60lb(ni=3,no=1)T3'!C11) -> 58.087482 | E12: =_xlfn.STDEV.P('60lb(ni=3,no=1)_T2'!C11,'60lb(ni=3,no=1)_T1'!C11,'60lb(ni=3,no=1)T3'!C11) -> 3.7334198 | F12: =AVERAGE('60lb(ni=3,no=1)_T2'!D11,'60lb(ni=3,no=1)_T1'!D11,'60lb(ni=3,no=1)T3'!D11) -> 196.06309 | G12: =_xlfn.STDEV.P('60lb(ni=3,no=1)_T2'!D11,'60lb(ni=3,no=1)_T1'!D11,'60lb(ni=3,no=1)T3'!D11) -> 13.90011 | H12: =AVERAGE('60lb(ni=3,no=1)_T2'!E11,'60lb(ni=3,no=1)_T1'!E11,'60lb(ni=3,no=1)T3'!E11) -> 23.135121 | I12: =_xlfn.STDEV.P('60lb(ni=3,no=1)_T2'!E11,'60lb(ni=3,no=1)_T1'!E11,'60lb(ni=3,no=1)T3'!E11) -> 2.2423926 | J12: =AVERAGE('60lb(ni=3,no=1)_T2'!F11,'60lb(ni=3,no=1)_T1'!F11,'60lb(ni=3,no=1)T3'!F11) -> 26.254442 | K12: =_xlfn.STDEV.P('60lb(ni=3,no=1)_T2'!F11,'60lb(ni=3,no=1)_T1'!F11,'60lb(ni=3,no=1)T3'!F11) -> 6.3639315
A13: =AVERAGE('60lb(ni=3,no=1)_T2'!A12,'60lb(ni=3,no=1)_T1'!A12,'60lb(ni=3,no=1)T3'!A12) -> 355.52505 | B13: =AVERAGE('60lb(ni=3,no=1)_T2'!B12,'60lb(ni=3,no=1)_T1'!B12,'60lb(ni=3,no=1)T3'!B12) -> 0.27333333 | C13: =_xlfn.STDEV.P('60lb(ni=3,no=1)_T2'!B12,'60lb(ni=3,no=1)_T1'!B12,'60lb(ni=3,no=1)T3'!B12) -> 0.13960261 | D13: =AVERAGE('60lb(ni=3,no=1)_T2'!C12,'60lb(ni=3,no=1)_T1'!C12,'60lb(ni=3,no=1)T3'!C12) -> 57.003136 | E13: =_xlfn.STDEV.P('60lb(ni=3,no=1)_T2'!C12,'60lb(ni=3,no=1)_T1'!C12,'60lb(ni=3,no=1)T3'!C12) -> 3.6064667 | F13: =AVERAGE('60lb(ni=3,no=1)_T2'!D12,'60lb(ni=3,no=1)_T1'!D12,'60lb(ni=3,no=1)T3'!D12) -> 197.44341 | G13: =_xlfn.STDEV.P('60lb(ni=3,no=1)_T2'!D12,'60lb(ni=3,no=1)_T1'!D12,'60lb(ni=3,no=1)T3'!D12) -> 14.995336 | H13: =AVERAGE('60lb(ni=3,no=1)_T2'!E12,'60lb(ni=3,no=1)_T1'!E12,'60lb(ni=3,no=1)T3'!E12) -> 20.635168 | I13: =_xlfn.STDEV.P('60lb(ni=3,no=1)_T2'!E12,'60lb(ni=3,no=1)_T1'!E12,'60lb(ni=3,no=1)T3'!E12) -> 2.8280965 | J13: =AVERAGE('60lb(ni=3,no=1)_T2'!F12,'60lb(ni=3,no=1)_T1'!F12,'60lb(ni=3,no=1)T3'!F12) -> 23.140065 | K13: =_xlfn.STDEV.P('60lb(ni=3,no=1)_T2'!F12,'60lb(ni=3,no=1)_T1'!F12,'60lb(ni=3,no=1)T3'!F12) -> 5.7961081
A14: =AVERAGE('60lb(ni=3,no=1)_T2'!A13,'60lb(ni=3,no=1)_T1'!A13,'60lb(ni=3,no=1)T3'!A13) -> 345.52505 | B14: =AVERAGE('60lb(ni=3,no=1)_T2'!B13,'60lb(ni=3,no=1)_T1'!B13,'60lb(ni=3,no=1)T3'!B13) -> 0.32333333 | C14: =_xlfn.STDEV.P('60lb(ni=3,no=1)_T2'!B13,'60lb(ni=3,no=1)_T1'!B13,'60lb(ni=3,no=1)T3'!B13) -> 0.16779617 | D14: =AVERAGE('60lb(ni=3,no=1)_T2'!C13,'60lb(ni=3,no=1)_T1'!C13,'60lb(ni=3,no=1)T3'!C13) -> 56.735252 | E14: =_xlfn.STDEV.P('60lb(ni=3,no=1)_T2'!C13,'60lb(ni=3,no=1)_T1'!C13,'60lb(ni=3,no=1)T3'!C13) -> 3.6794563 | F14: =AVERAGE('60lb(ni=3,no=1)_T2'!D13,'60lb(ni=3,no=1)_T1'!D13,'60lb(ni=3,no=1)T3'!D13) -> 199.03544 | G14: =_xlfn.STDEV.P('60lb(ni=3,no=1)_T2'!D13,'60lb(ni=3,no=1)_T1'!D13,'60lb(ni=3,no=1)T3'!D13) -> 14.516459 | H14: =AVERAGE('60lb(ni=3,no=1)_T2'!E13,'60lb(ni=3,no=1)_T1'!E13,'60lb(ni=3,no=1)T3'!E13) -> 20.757874 | I14: =_xlfn.STDEV.P('60lb(ni=3,no=1)_T2'!E13,'60lb(ni=3,no=1)_T1'!E13,'60lb(ni=3,no=1)T3'!E13) -> 2.7054098 | J14: =AVERAGE('60lb(ni=3,no=1)_T2'!F13,'60lb(ni=3,no=1)_T1'!F13,'60lb(ni=3,no=1)T3'!F13) -> 20.829339 | K14: =_xlfn.STDEV.P('60lb(ni=3,no=1)_T2'!F13,'60lb(ni=3,no=1)_T1'!F13,'60lb(ni=3,no=1)T3'!F13) -> 4.8462416
... A28: =AVERAGE('60lb(ni=3,no=1)_T2'!A27,'60lb(ni=3,no=1)_T1'!A27,'60lb(ni=3,no=1)T3'!A27) -> 226.52912 | B28: =AVERAGE('60lb(ni=3,no=1)_T2'!B27,'60lb(ni=3,no=1)_T1'!B27,'60lb(ni=3,no=1)T3'!B27) -> 3.77 | C28: =_xlfn.STDEV.P('60lb(ni=3,no=1)_T2'!B27,'60lb(ni=3,no=1)_T1'!B27,'60lb(ni=3,no=1)T3'!B27) -> 0.88 | D28: =AVERAGE('60lb(ni=3,no=1)_T2'!C27,'60lb(ni=3,no=1)_T1'!C27,'60lb(ni=3,no=1)T3'!C27) -> 16.747253 | E28: =_xlfn.STDEV.P('60lb(ni=3,no=1)_T2'!C27,'60lb(ni=3,no=1)_T1'!C27,'60lb(ni=3,no=1)T3'!C27) -> 9.4901099 | F28: =AVERAGE('60lb(ni=3,no=1)_T2'!D27,'60lb(ni=3,no=1)_T1'!D27,'60lb(ni=3,no=1)T3'!D27) -> 238.15989 | G28: =_xlfn.STDEV.P('60lb(ni=3,no=1)_T2'!D27,'60lb(ni=3,no=1)_T1'!D27,'60lb(ni=3,no=1)T3'!D27) -> 20.585165 | H28: =AVERAGE('60lb(ni=3,no=1)_T2'!E27,'60lb(ni=3,no=1)_T1'!E27,'60lb(ni=3,no=1)T3'!E27) -> 5.3730769 | I28: =_xlfn.STDEV.P('60lb(ni=3,no=1)_T2'!E27,'60lb(ni=3,no=1)_T1'!E27,'60lb(ni=3,no=1)T3'!E27) -> 0.06978022 | J28: =AVERAGE('60lb(ni=3,no=1)_T2'!F27,'60lb(ni=3,no=1)_T1'!F27,'60lb(ni=3,no=1)T3'!F27) -> 3.2796703 | K28: =_xlfn.STDEV.P('60lb(ni=3,no=1)_T2'!F27,'60lb(ni=3,no=1)_T1'!F27,'60lb(ni=3,no=1)T3'!F27) -> 1.4653846

Sheet 60lb(ni=3,no=1)_T1
A1: e(mm) | B1: F (N) | C1: L_bi (mm) | D1: L_li (mm) | E1: L_bo (mm) | F1: R_bi (mm)
A2: 413.51691 | B2: 0 | C2: 57.548792 | D2: 175.95942 | E2: 35.09372 | F2: 61.598068
A3: 403.51691 | B3: 0.08 | C3: 57.303382 | D3: 177.18647 | E3: 32.885024 | F3: 53.008696
A4: 393.51691 | B4: 0.1 | C4: 57.057971 | D4: 176.81836 | E4: 32.271498 | F4: 43.928502
A5: 383.51691 | B5: 0.11 | C5: 56.81256 | D5: 177.30918 | E5: 30.799034 | F5: 39.388406
A6: 373.51691 | B6: 0.12 | C6: 56.56715 | D6: 178.90435 | E6: 30.430918 | F6: 33.498551
A7: 363.51691 | B7: 0.16 | C7: 56.199034 | D7: 178.65894 | E7: 27.117874 | F7: 29.203865
A8: 353.51691 | B8: 0.17 | C8: 55.953623 | D8: 180.62222 | E8: 25.890821 | F8: 24.172947
A9: 343.51691 | B9: 0.2 | C9: 55.708213 | D9: 179.64058 | E9: 24.418357 | F9: 22.823188
A10: 333.51691 | B10: 0.26 | C10: 55.585507 | D10: 180.99034 | E10: 21.350725 | F10: 20.123671
A11: 323.51691 | B11: 0.34 | C11: 55.217391 | D11: 180.25411 | E11: 20.000966 | F11: 17.914976
A12: 313.51691 | B12: 0.47 | C12: 53.499517 | D12: 181.60386 | E12: 16.687923 | F12: 15.828986
A13: 303.51691 | B13: 0.56 | C13: 53.254106 | D13: 184.42609 | E13: 17.056039 | F13: 14.479227
... A21: 223.51691 | B21: 2.02 | C21: 28.197681 | D21: 208.47633 | E21: 7.4850242 | F21: 4.8345894

Sheet 60lb(ni=3,no=1)_T2
A1: e(mm) | B1: F (N) | C1: L_bi (mm) | D1: L_li (mm) | E1: L_bo (mm) | F1: R_bi (mm)
A2: 451.75714 | B2: 0 | C2: 59.592308 | D2: 188.54615 | E2: 35.308791 | F2: 118.76593
A3: 441.75714 | B3: 0.02 | C3: 59.313187 | D3: 189.1044 | E3: 32.936264 | F3: 94.482418
A4: 431.75714 | B4: 0.03 | C4: 58.894505 | D4: 188.54615 | E4: 32.796703 | F4: 67.965934
A5: 421.75714 | B5: 0.03 | C5: 57.359341 | D5: 189.38352 | E5: 30.703297 | F5: 62.104396
A6: 411.75714 | B6: 0.05 | C6: 57.21978 | D6: 190.08132 | E6: 30.145055 | F6: 58.615385
A7: 401.75714 | B7: 0.06 | C7: 57.08022 | D7: 190.5 | E7: 29.307692 | F7: 47.310989
A8: 391.75714 | B8: 0.07 | C8: 56.940659 | D8: 190.63956 | E8: 29.028571 | F8: 41.17033
A9: 381.75714 | B9: 0.1 | C9: 56.382418 | D9: 192.31429 | E9: 28.889011 | F9: 36.564835
A10: 371.75714 | B10: 0.11 | C10: 56.242857 | D10: 192.17473 | E10: 26.516484 | F10: 31.540659
A11: 361.75714 | B11: 0.14 | C11: 55.684615 | D11: 193.84945 | E11: 25.120879 | F11: 27.493407
A12: 351.75714 | B12: 0.16 | C12: 55.545055 | D12: 193.15165 | E12: 23.167033 | F12: 23.585714
A13: 341.75714 | B13: 0.22 | C13: 55.126374 | D13: 193.84945 | E13: 21.771429 | F13: 21.771429
... A27: 201.75714 | B27: 4.65 | C27: 7.2571429 | D27: 217.57473 | E27: 5.4428571 | F27: 1.8142857

Sheet 60lb(ni=3,no=1)T3
A1: e(mm) | B1: F (N) | C1: L_bi (mm) | D1: L_li (mm) | E1: L_bo (mm) | F1: R_bi (mm)
A2: 501.3011 | B2: 0 | C2: 65.872527 | D2: 208.08462 | E2: 36.006593 | F2: 108.15934
A3: 491.3011 | B3: 0.04 | C3: 65.593407 | D3: 208.22418 | E3: 35.448352 | F3: 90.435165
A4: 481.3011 | B4: 0.05 | C4: 65.035165 | D4: 208.92198 | E4: 34.331868 | F4: 77.316484
A5: 471.3011 | B5: 0.06 | C5: 64.895604 | D5: 208.36374 | E5: 32.098901 | F5: 67.547253
A6: 461.3011 | B6: 0.07 | C6: 64.756044 | D6: 208.5033 | E6: 31.121978 | F6: 59.452747
A7: 451.3011 | B7: 0.09 | C7: 64.616484 | D7: 210.03846 | E7: 29.726374 | F7: 54.568132
A8: 441.3011 | B8: 0.11 | C8: 64.476923 | D8: 210.45714 | E8: 28.60989 | F8: 47.031868
A9: 431.3011 | B9: 0.11 | C9: 64.337363 | D9: 213.38791 | E9: 27.632967 | F9: 42.007692
A10: 421.3011 | B10: 0.15 | C10: 64.197802 | D10: 212.13187 | E10: 24.423077 | F10: 37.402198
A11: 411.3011 | B11: 0.18 | C11: 63.36044 | D11: 214.08571 | E11: 24.283516 | F11: 33.354945
A12: 401.3011 | B12: 0.19 | C12: 61.964835 | D12: 217.57473 | E12: 22.050549 | F12: 30.005495
A13: 391.3011 | B13: 0.19 | C13: 61.825275 | D13: 218.83077 | E13: 23.446154 | F13: 26.237363
... A27: 251.3011 | B27: 2.89 | C27: 26.237363 | D27: 258.74505 | E27: 5.3032967 | F27: 4.7450549
